A,AAL,AAP,AAPL,ABC,ABMD,ABT,ACN,ADBE,ADI,ADM,ADP,ADSK,AEE,AEP,AES,AFL,AIG,AIV,AIZ,AJG,AKAM,ALB,ALGN,ALK,ALL,ALXN,AMAT,AMCR,AMD,AME,AMGN,AMP,AMT,AMZN,ANSS,ANTM,AON,AOS,APA,APD,APH,APTV,ARE,ATO,ATVI,AVB,AVGO,AVY,AWK,AXP,AZO,BA,BAC,BAX,BBY,BDX,BEN,BIIB,BIO,BK,BKNG,BKR,BLK,BLL,BMY,BR,BSX,BWA,BXP,C,CAG,CAH,CAT,CB,CBOE,CBRE,CCI,CCL,CDNS,CE,CERN,CF,CHD,CHRW,CHTR,CI,CINF,CL,CLX,CMA,CMCSA,CME,CMG,CMI,CMS,CNC,CNP,COF,COG,COO,COP,COST,CPB,CPRT,CRM,CSCO,CSX,CTAS,CTSH,CTXS,CVS,CVX,CXO,D,DAL,DD,DE,DFS,DG,DGX,DHI,DHR,DIS,DISCA,DISCK,DISH,DLR,DLTR,DOV,DPZ,DRE,DRI,DTE,DUK,DVA,DVN,DXC,DXCM,EA,EBAY,ECL,ED,EFX,EIX,EL,EMN,EMR,EOG,EQIX,EQR,ES,ESS,ETN,ETR,EVRG,EW,EXC,EXPD,EXPE,EXR,F,FANG,FAST,FB,FBHS,FCX,FDX,FE,FFIV,FIS,FISV,FITB,FLIR,FLS,FLT,FMC,FRC,FRT,FTI,FTNT,GD,GE,GILD,GIS,GL,GLW,GM,GOOG,GOOGL,GPC,GPN,GPS,GRMN,GS,GWW,HAL,HAS,HBAN,HBI,HCA,HD,HES,HFC,HIG,HII,HOLX,HON,HPQ,HRL,HSIC,HST,HSY,HUM,IBM,ICE,IDXX,IEX,IFF,ILMN,INCY,INTC,INTU,IP,IPG,IPGP,IRM,ISRG,IT,ITW,IVZ,J,JBHT,JCI,JKHY,JNJ,JNPR,JPM,K,KEY,KIM,KLAC,KMB,KMI,KMX,KO,KR,KSU,L,LB,LDOS,LEG,LEN,LH,LHX,LIN,LKQ,LLY,LMT,LNC,LNT,LOW,LRCX,LUV,LVS,LYB,LYV,MA,MAA,MAR,MAS,MCD,MCHP,MCK,MCO,MDLZ,MDT,MET,MGM,MHK,MKC,MKTX,MLM,MMC,MMM,MNST,MO,MOS,MPC,MRK,MRO,MS,MSCI,MSFT,MSI,MTB,MTD,MU,MXIM,MYL,NDAQ,NEE,NEM,NFLX,NI,NKE,NLSN,NOC,NOV,NOW,NRG,NSC,NTAP,NTRS,NUE,NVDA,NVR,NWL,O,ODFL,OKE,OMC,ORCL,ORLY,OXY,PAYX,PBCT,PCAR,PEAK,PEG,PEP,PFE,PFG,PG,PGR,PH,PHM,PKG,PKI,PLD,PM,PNC,PNR,PNW,POOL,PPG,PPL,PRGO,PRU,PSA,PSX,PVH,PWR,PXD,QCOM,RCL,RE,REG,REGN,RF,RHI,RJF,RL,RMD,ROK,ROL,ROP,ROST,RSG,RTX,SBAC,SBUX,SCHW,SEE,SHW,SIVB,SJM,SLB,SLG,SNA,SNPS,SO,SPG,SPGI,SRE,STE,STT,STX,STZ,SWK,SWKS,SYK,SYY,T,TAP,TDG,TDY,TEL,TER,TFC,TFX,TGT,TIF,TJX,TMO,TMUS,TPR,TROW,TRV,TSCO,TSN,TT,TTWO,TXN,TXT,TYL,UAA,UAL,UDR,UHS,ULTA,UNH,UNM,UNP,UPS,URI,USB,V,VAR,VFC,VLO,VMC,VNO,VRSK,VRSN,VRTX,VTR,VZ,WAB,WAT,WBA,WDC,WEC,WELL,WFC,WHR,WLTW,WM,WMB,WMT,WRB,WST,WU,WY,WYNN,XEL,XLNX,XOM,XRAY,XRX,XYL,YUM,ZBH,ZBRA,ZION
0.0,0.0,0.0,0.0,0.0,0.03282972972522803,0.0,0.0,0.0,0.0,0.03282972972522803,0.03282972972522803,0.0,0.0,0.0,0.0,0.0,0.0,0.0,0.0,0.0,0.0,-0.08884304136151272,0.0,0.0,0.0,0.0,0.0,0.03282972972522803,0.0,0.0,0.0,0.0,0.0,0.0,0.0,0.0,0.0,0.0,0.0,0.0,0.0,0.0,0.03282972972522803,0.0,0.0,0.0,0.0,0.0,0.0,0.0,0.0,0.0,0.0,0.0,0.03282972972522803,0.0,0.0,0.0,0.0,0.0,0.0,0.0,0.0,0.0,0.0,0.0,0.03282972972522803,0.0,0.0,0.0,0.0,0.0,0.005846379794781665,0.0,0.03282972972522803,0.0,0.0,0.0,0.0,0.0,0.0,0.0,0.03282972972522803,0.0,0.0,0.0,0.0,0.0,0.0,0.0,0.0,0.03282972972522803,0.0,0.0,0.0,0.0,0.0,0.0,0.0,0.0,0.013794160921325108,0.0,0.0,0.0,0.0,0.0,0.0,0.0,0.0,0.0,0.0,0.0,0.0,0.0,0.03282972972522803,0.0,0.0,0.0,0.0,0.0,0.0,0.0,0.0,0.0,0.0,0.0,0.0,0.0,0.0,0.0,0.0,0.0,0.0,0.0,0.0,0.0,0.0,0.0,0.0,0.0,0.0,0.0,0.0,0.03282972972522803,0.0,0.0,0.0,0.0,-0.09100136461820624,0.03282972972522803,0.0,0.0,0.0,0.0,0.0,0.0,0.0,0.0,0.0,0.0,0.0,0.03282972972522803,0.0,0.0,0.0,0.0,0.03282972972522803,0.0,0.0,0.0,0.0,0.0,0.0,0.0,0.03282972972522803,0.0,0.0,0.0,0.0,0.0,0.0,0.0,0.0,0.0,0.0,0.0,0.0,0.0,0.0,0.0,0.0,0.0,0.0,0.0,0.0,0.0,0.0,0.0,0.0,0.0,0.0,0.0,0.0,0.0,0.03282972972522803,0.0,0.0,0.0,0.03282972972522803,0.0,0.0,0.0,0.0,0.0,0.0,0.0,0.0,0.0,0.03282972972522803,0.03282972972522803,0.0,0.0,0.0,0.0,0.0,0.0,0.0,0.0,0.0,0.0,0.0,0.0,0.0,0.0,0.0,0.0,0.0,0.0,0.0,0.0,0.0,0.0,0.0,0.0,0.0,0.0,0.0,0.0,0.03282972972522803,0.0,0.0,0.0,0.0,0.0,0.0,0.0,0.0,0.03282972972522803,0.0,0.0,0.03282972972522803,0.0,0.03282972972522803,0.0,0.0,0.0,0.0,0.0,0.0,0.0,0.0,0.0,0.03282972972522803,0.0,0.0,0.0,0.0,0.0,0.0,0.0,0.0,0.0,0.0,0.0,0.0,0.0,0.0,0.0,0.0,0.0,0.0,0.0,0.0,0.0,0.0,0.0,0.03282972972522803,0.0,0.0,0.0,0.0,0.0,0.0,0.0,0.0,0.0,0.0,0.0,0.0,0.0,0.0,0.0,0.0,0.0,0.0,0.0,0.0,0.0,0.0,0.0,0.0,0.0,0.0,0.0,0.0,0.0,0.0,0.0,0.0,0.0,0.0,0.0,0.0,0.0,0.0,0.0,0.0,0.0,0.0,0.0,0.03282972972522803,0.0,0.0,0.0,0.0,0.0,0.0,0.0,0.0,0.0,0.0,0.0,0.0,-0.12015559402031384,0.0,0.0,0.0,0.0,0.0,0.0,0.0,0.0,0.0,0.0,0.0,0.0,0.0,0.0,0.0,0.0,0.03282972972522803,0.0,0.0,0.0,0.0,0.0,0.0,0.03282972972522803,0.0,0.0,0.0,0.0,0.0,0.0,0.0,0.0,0.0,0.03282972972522803,0.0,0.0,0.0,0.0,0.0,0.0,0.03282972972522803,0.0,0.0,0.0,0.0,0.0,0.0,0.0,0.0,0.0,0.0,0.0,0.0,0.0,0.0,0.0,0.0,0.0,0.0,0.0,0.03282972972522803,0.0,0.0,0.0,0.0,0.0,0.03282972972522803,0.0,0.0,0.0,0.0,0.0,0.0,0.0,0.03282972972522803,0.0,0.0,0.0,0.0,0.0,0.0,0.0,0.0,0.0,0.0,0.03282972972522803,0.03282972972522803,0.03282972972522803,0.0,0.0,0.0,0.0,0.0,0.0,0.03282972972522803,0.0,0.0,0.0,0.0,0.0,0.03282972972522803,0.0,0.0,0.0,0.0,0.0,0.0,0.0,0.0,0.0
0.0,0.0,-0.0043414265910523,0.0,0.0,0.04015717342911339,0.0,0.0,0.0,0.0,0.0,0.0,0.0,0.0,0.0,0.0,0.0,0.0,0.0,0.0,0.0,0.0,0.0,0.0,0.0,0.0,0.0,0.0,0.04015717342911339,0.0,0.0,0.0,0.0,0.0,0.0,0.0,0.0,0.04015717342911339,-0.0043414265910523,0.0,0.0,0.0,0.0,-0.0043414265910523,0.0,0.0,0.0,0.04015717342911339,0.0,0.0,0.0,0.04015717342911339,0.0,0.0,0.0,0.0,0.0,0.0,0.04015717342911339,0.0,0.0,0.0,0.0,0.0,0.0,0.0,-0.0043414265910523,0.0,0.0,0.0,-0.0043414265910523,0.0,0.0,0.0,0.0,0.0,0.0,0.0,0.0,-0.0043414265910523,0.0,0.0,0.0,0.0,0.0,0.0,0.0,0.0,0.0,0.0,0.0,0.0,0.0,0.0,0.0,0.0,0.04015717342911339,-0.0043414265910523,0.0,0.0,0.0,0.0,0.0,0.0,0.0,0.0,0.04015717342911339,0.0,0.0,0.0,0.0,0.0,0.0,0.0,0.0,0.0,0.0,0.0,0.0,0.0,0.0,0.0,0.0,0.04015717342911339,-0.19146433522371253,0.0,0.0,0.0,0.0,0.0,-0.0043414265910523,0.0,0.0,0.0,0.0,0.0,0.0,0.0,0.04015717342911339,0.04015717342911339,0.0,0.0,0.0,0.0,0.0,0.0,0.0,0.0,-0.0043414265910523,0.0016903290501018885,0.004996061532423774,0.0,0.0,0.0,0.0,0.0,0.0,0.0,0.0,0.0,0.0,0.0,0.0,0.0,0.04015717342911339,0.0,0.0,0.0,0.0,0.0,0.0,0.0,0.0,0.0,0.0,0.0,0.0,0.0,-0.0043414265910523,0.0,0.0,0.04015717342911339,0.0,0.0,0.0,0.0,0.0,0.0,0.0,0.0,-0.0043414265910523,0.0,0.0,0.0,0.0,0.0,0.0,0.0,0.0,0.04015717342911339,0.0,0.0,0.0,0.0,0.0,0.0,0.0,0.0,0.0,0.0,0.0,0.0,0.0,0.04015717342911339,0.0,0.0,0.0,0.0,0.0,0.04015717342911339,0.0,-0.0043414265910523,0.0,0.0,0.0,0.0,0.0,0.0,0.0,0.0,0.0,0.0,0.0,0.0,0.0,0.0,0.0,0.0,0.0,0.0,0.0,0.0,0.0,0.0,0.0,0.0,0.04015717342911339,0.0,0.0,0.0,0.0,0.0,0.0,0.0,0.0,0.04015717342911339,0.0,0.0,0.0,0.0,0.0,0.0,0.0,0.04015717342911339,0.0,0.0,0.04015717342911339,0.0,0.0,0.0,-0.0043414265910523,0.0,0.0,0.0,0.0,0.0,0.0,0.0,0.0,0.0,0.003567888223966508,0.0,0.0,0.0,0.0,0.04015717342911339,0.0,0.0,0.0,0.0,0.004996061532423774,0.0,-0.0043414265910523,0.0,0.0,0.0,0.0,0.0,0.0,0.0,0.0,0.0,0.0,0.0,0.0,0.0,0.0,0.04015717342911339,0.0,0.0,0.0,0.0,0.0,0.0,0.0,-0.0043414265910523,0.0,0.0,0.0,0.04015717342911339,0.0,0.0,0.0,0.0,0.04015717342911339,0.0,-0.0043414265910523,0.0,0.0,-0.0043414265910523,0.0,0.0,0.0,0.0,0.0,0.0,0.0,0.0,-0.0043414265910523,0.0,0.0,0.002234284916618407,0.0,0.0,0.0,0.0,0.0,0.0,0.0,0.0,0.0,0.0,0.0,0.0,0.0,0.0,0.0,0.04015717342911339,0.0,0.0,-0.0043414265910523,0.0,-0.0043414265910523,0.04015717342911339,-0.0043414265910523,0.0,0.0,6.171074413813535e-05,0.0,0.0,0.0,0.0,0.0,0.0,0.0,0.0,0.0,0.0,0.0,0.0,0.0,0.0,-0.0043414265910523,0.0,0.0,0.0,0.0,0.0,0.0,0.0025927978667859715,0.04015717342911339,0.0,0.012220368231096772,0.04015717342911339,0.0,0.04015717342911339,0.0,0.0,0.0,0.0,0.0,0.0,0.0,0.0,0.0,0.0,0.0,0.0,0.0,0.0,0.0,0.0,0.0,0.007308839582296154,0.0,0.0,0.04015717342911339,0.0,0.0,0.0,0.04015717342911339,0.0,0.0,0.0,-0.0043414265910523,0.0,0.0,0.0,0.0,0.0,0.0,0.0,-0.0043414265910523,0.0,0.004996061532423774,0.0,0.0,0.0,0.0,0.0,0.0,0.0,0.0,0.0,0.0,0.0,0.0,0.0054671589527860815,0.0,0.0,0.0,0.0,0.0,0.0,0.0,-0.0043414265910523,0.0,0.0,0.0,0.0,0.0,0.004996061532423774,0.0,0.0,0.0
0.0,0.0,0.0,0.0,0.0,0.0,0.04157762279175992,0.0,0.0,0.0,0.0,0.0,0.0,0.0,0.0,0.0,0.0,0.0,0.0,0.0,0.0,0.0,0.0,0.0,0.0,0.0,0.0,0.0,0.04157762279175992,0.0,0.0,0.0,0.0,0.0,0.0,0.0,0.0,0.0,0.0,0.0,0.0,0.0,0.0,0.04157762279175992,0.0,0.0,0.0,0.04157762279175992,0.0,0.0,0.0,0.04157762279175992,0.0,0.0,0.0,0.0,0.0,0.0,0.0,0.0,0.0,0.0,0.0,0.0,0.0,0.0,0.0,0.0,0.0,0.0,0.0,0.0,0.0,0.0,0.0,0.0,0.0,0.0,0.0,0.0,0.0,0.0,0.0,0.04157762279175992,0.0,0.0,0.0,0.0,0.0,0.0,0.0,0.0,0.0,0.0,0.0,0.0,0.04157762279175992,0.0,0.0,0.0,0.002290359542981659,0.0,0.0,0.0,0.0,0.0,0.0,0.0,0.0,0.0,0.0,0.0,0.00880333391246073,0.0,0.0,0.0,0.0,0.0,0.0,0.0,0.0,0.0,0.0,0.0,0.0,0.0,0.0,0.0,0.0,0.0,0.04157762279175992,0.0,0.0,0.0,0.0,0.0,0.0,0.0,0.04157762279175992,0.0,0.0,0.0,0.0,0.0,0.0,0.0,0.0,0.0,0.0,0.0,0.0,0.0,0.0,0.0,0.0,0.0,0.0,0.0,0.0,0.0,0.0,0.0,0.0,0.0,0.04157762279175992,0.0,0.0,0.0,0.0,0.0,0.0,0.0,0.0,0.0,0.0,0.0,-0.16139585264999787,0.0,0.0,0.0,0.04157762279175992,0.0,0.0,0.0,0.0,0.0,0.0,0.0,0.0,0.0,0.0,0.0,0.0,0.0,0.0,0.0,0.0,0.0,0.0,0.04157762279175992,0.04157762279175992,0.0,0.0,0.0,0.0,0.0,0.04157762279175992,0.0,0.0,0.0,0.0,0.0,0.0,0.0,0.0,0.0,0.0,0.0,0.0,0.0,0.04157762279175992,0.0,0.04157762279175992,0.0,0.0,0.0,0.0,0.0,0.0,0.04157762279175992,0.0,-0.09043000210670948,0.0,0.0,0.0,0.0,0.0,0.0,0.0,0.0,0.0,0.0,-0.048174145243304156,0.0,0.0,0.0,0.0,0.0,0.0,0.0,0.0,0.0,0.0,0.0,0.0,0.0,0.0,0.04157762279175992,0.04157762279175992,0.0,0.0,0.0,0.0,0.0,0.0,0.0,0.0,0.0,0.0,0.0,0.0,0.0,0.0,0.0,0.0,0.0,0.0,0.0,0.0,0.0,0.0,0.0,0.0,0.0,0.04157762279175992,0.0,0.0,0.0,0.0,0.0,0.0,0.0,0.0,0.04157762279175992,0.0,0.0,0.0,0.0,0.0,0.0,0.0,0.0,0.0,0.0,0.0,0.0,0.0,0.04157762279175992,0.0,0.0,0.0,0.0,0.0,0.0,0.0,0.0,0.0,0.0,0.0,0.0,0.0,0.0,0.0,0.0,0.0,0.0,0.0,0.0,0.0,0.04157762279175992,0.0,0.0,0.0,0.0,0.0,0.0,0.0,0.0,0.0,0.0,0.0,0.0,0.0,0.0,0.0,0.0,0.0,0.0,0.0,0.0,0.0,0.0,0.0,0.0,0.0,0.0,0.0,0.0,0.0,0.0,0.0,0.0,0.0,0.04157762279175992,0.0,0.0,0.0,0.0,0.0,0.0,0.0,0.04157762279175992,0.0,0.0,0.0,0.0,0.0,0.0,0.0,0.0,0.0,0.0,0.0,0.0,0.0,0.04157762279175992,0.0,0.0,0.0,0.0,0.04157762279175992,0.0,0.0,0.0,0.0,0.0,0.0,0.0,0.0,0.0,0.0,0.0,0.0,0.0,0.0,0.0,0.0,0.0,0.0,0.0,0.0,0.0,0.0,0.04157762279175992,0.0,0.0,0.0,0.0,0.0,0.0,0.0,0.0,0.04157762279175992,0.0,0.0,0.0,0.0,0.0,0.0,0.0,0.0,0.0,0.0,0.0,0.0,0.0,0.0,0.0,0.0,0.0,0.0,0.0,0.0,0.0,0.0,0.0,0.0,0.0,0.04157762279175992,0.0,0.0,0.0,0.0,0.0,0.0,0.0,0.0,0.0,0.0,0.0,0.0,0.0,0.0,0.04157762279175992,0.0
0.0,0.0,0.03161108654121184,0.0,0.0,0.03161108654121184,0.0,0.0,0.0,0.0,0.0,0.0,0.0,0.0,0.0,0.0,0.0,0.0,0.0,0.0,0.0,0.0,0.0,0.0,0.0,0.0,0.0,0.0,0.0,0.0,0.0,0.03161108654121184,0.0,0.0,0.0,0.0,0.0,0.0,0.0,0.0,0.0,0.0,0.0,0.0,0.0,0.0,0.0,0.03161108654121184,0.0,0.0,0.0,0.0,0.0,0.0,0.0,0.0,0.0,0.0,0.03161108654121184,0.0,0.0,0.0,0.0,0.0,0.0,0.0,0.03161108654121184,0.0,0.0,0.0,0.0,0.0,0.0,0.0,0.0,0.0,0.0,0.0,0.0,0.0,0.0,0.03161108654121184,0.0,0.0,0.0,0.0,0.006578837898404385,0.0,0.0,0.0,0.0,0.0,0.00024293335136853567,0.0,0.0,0.0,0.0,0.0,0.0,0.0,0.0,0.0,0.0,0.0,0.03161108654121184,0.0,0.0,0.0,0.03161108654121184,0.0,0.0,0.0,3.6034389424379355e-05,0.0,0.0,0.0,0.0,0.0,0.0,0.0,0.0,0.0,0.0,0.0,0.0,0.0,0.0,0.0,0.0,0.0,0.0,0.0,0.0,0.0,0.0,0.0,0.0,0.0,0.03161108654121184,0.03161108654121184,0.0,0.0,0.0,0.0,0.0,0.0,0.0,0.0,0.0,0.0,0.0,0.0,0.0,0.0,0.0,0.03161108654121184,0.0,0.0,0.0,0.0,0.0,0.0,0.0,0.0,0.0,0.0,0.0,0.0,0.0,0.0,0.0,0.0,0.0,0.0,-0.16763634847703263,0.03161108654121184,0.0,0.0,0.0,0.0,0.0,0.0,0.0,0.0,0.0,0.0,0.0,0.0,0.0,0.0,0.0,0.03161108654121184,0.0,0.0,0.0,0.0,0.0,0.0,0.03161108654121184,0.0,0.0,0.0,0.03161108654121184,0.0,0.0,0.0,0.0,0.0,0.0,0.0,0.0,0.0,0.0,0.0,0.0,0.0,0.0,0.0,0.0,0.03161108654121184,0.0,0.0,0.0,0.0,0.0,0.0,0.0,0.0,0.0,0.0,0.0,0.0,0.0,0.0,0.0,0.0,0.0,0.0,0.03161108654121184,0.0,0.03161108654121184,0.0,0.0,0.0,0.00949574128688427,0.0,0.0,0.0,0.0,0.03161108654121184,0.0,0.0,0.03161108654121184,0.0,0.0,0.0,0.0,0.03161108654121184,0.03161108654121184,0.0,0.0,0.0,0.0,0.0,0.0,0.0,0.0,0.0,0.0,0.0,0.0,0.0,0.03161108654121184,0.0,0.0,0.0,0.0,0.0,0.0,0.0,0.0,0.0,0.0,0.0,0.0,0.0,0.03161108654121184,0.0,0.0,0.0,0.0,0.0,0.0,0.0,0.0,0.0,0.0,0.0,0.0,0.0,0.0,0.0,0.0,0.0,0.03161108654121184,0.0,0.0,0.0,0.0,0.0,0.0,0.0,0.0,0.0,0.0,0.0,0.0,0.0,0.0,0.0,0.0,0.03161108654121184,0.0,0.03161108654121184,0.0,0.0,0.0,0.0,0.0,0.0,0.0,0.0,0.0,0.0,0.03161108654121184,0.0,0.01287040080517565,0.0,0.0,0.006332590620269445,0.0,0.0,0.0,0.0,0.0,0.0,0.0,0.0,0.0,0.0,0.0,0.0,0.0,0.0,0.0,0.03161108654121184,0.03161108654121184,0.0,0.0,0.0,0.0,0.0,0.0,0.0,0.0,0.03161108654121184,0.0,0.0,0.0,0.0,0.0,0.0,0.0,0.0,0.0,0.0,0.0,0.03161108654121184,0.0,0.0,0.0,0.0,0.0,0.0,0.0,0.0,0.0,0.0,0.03161108654121184,0.0,0.0,0.0,0.0,0.0,0.0,0.0,0.0,0.0,0.0,0.03161108654121184,0.03161108654121184,0.0,0.0,0.0,0.0,0.0,-0.1323636515230001,0.0,0.0,0.0,0.0,0.0,0.0,0.0,0.0,0.0,0.0,0.0,0.0,0.0,0.0,0.03161108654121184,0.0,0.0,0.0,0.0,0.0,0.0,0.0,0.0,0.03161108654121184,0.0,0.03161108654121184,0.0,0.0,0.0,0.0,0.0,0.0,0.0,0.0,0.0,0.0,0.0,0.0,0.0,0.0,0.0,0.0,0.0,0.0,0.0,0.0,0.0,0.0,0.0,0.0,0.0,0.0,0.0,0.0,0.0,0.0,0.03161108654121184,0.0
0.0,0.0,0.0,0.0,0.0,0.034282156071628135,0.0,0.0,0.0,0.0,0.0,0.0,0.0,0.0,0.0,0.0,0.0,0.0,0.0,0.0,0.0,0.0,0.0,0.0,0.034282156071628135,0.034282156071628135,0.0,0.0,0.0,0.0,0.0,0.0,0.0,0.0,0.0,0.0,0.0,0.0,0.0,0.0,0.0,0.0,0.0,0.0,0.0,0.034282156071628135,0.0,0.034282156071628135,0.0,0.0,0.0,0.0,0.0,0.0,0.0,0.0,0.0,0.0,0.0,0.0,0.0,0.0,0.0,0.0,0.0,0.0,0.0,0.0,0.0,0.034282156071628135,0.0,0.0,0.0,0.0,0.0,0.0,0.034282156071628135,0.0,0.0,0.0,0.0,0.01231259143785029,0.0,0.0,0.0,0.0,0.0,0.0,0.0,0.0,0.0,0.0,0.034282156071628135,0.0,0.0,0.0,0.034282156071628135,0.0,0.0,0.0,0.0,0.0,0.0,0.0,0.0,0.0,0.0,0.0,0.0,0.0,0.0,0.034282156071628135,0.0,0.0,0.0,0.0,0.0,0.0,0.0,0.0,0.0,0.0,0.0,0.0,0.0,0.0,0.0,0.0,0.0,0.0,0.0,0.0,0.0,0.0,0.0,0.0,0.0,0.0,0.0,0.034282156071628135,0.0,0.0,0.0,0.0,0.0,0.0,0.0,0.0,0.0,0.034282156071628135,0.0,0.0,0.0,0.0,0.0,0.0,0.034282156071628135,0.0,0.0,0.0,0.0,0.0,0.0,0.0,0.034282156071628135,0.0,0.0,0.0,0.0,0.0,0.0,0.0,0.0,0.0,0.0,0.0,0.0,0.0,0.0,0.0,0.0,0.0,0.0,0.0,0.0,0.0,0.0,0.0,0.034282156071628135,0.0,0.0,0.0,0.0,0.0,0.0,0.0,0.00281189191158291,0.0,0.0,0.0,0.0,0.034282156071628135,0.0,0.0,0.0,0.0,0.0,0.0,0.0,0.0,0.0,0.0,0.0,0.0,0.0,0.0,0.0,0.0,0.0,0.0,0.0,0.0,0.0,0.0,0.0,0.0,0.0,0.0,0.0,0.0,0.0,0.0,0.0,0.0,0.0,0.0,0.0,0.0,0.0,0.0,0.0,0.0,0.0,-0.18531985429650427,0.0,0.0,0.034282156071628135,0.0,0.0,0.0,0.0,0.0,0.0,0.0,0.0,0.0,0.0,0.0,0.004462488768912976,-0.016382877957646924,0.0,0.0,0.0,0.0,0.0,0.0,0.0,0.0,0.0,0.0,0.0,0.0,0.0,0.0,0.0,0.034282156071628135,0.0,0.0,0.0,0.0,0.0,0.0,0.0,0.0,0.0,0.034282156071628135,0.034282156071628135,0.0,0.0,0.015134857809046519,0.0,0.0,0.0,0.0,0.0,0.0,0.0,0.0,0.034282156071628135,0.0,0.0,0.0,0.0,0.034282156071628135,0.0,0.0,0.0,0.0,0.0,0.0,0.0,0.0,0.0,0.0,0.0,0.034282156071628135,0.0,0.0,0.0,0.034282156071628135,0.0,0.0,0.0,0.0,0.0,0.0,0.0,0.0,0.0,0.0,0.0,0.0,0.0,0.0,0.0,0.0,-0.016382877957646924,0.0,0.0,0.0,0.0,0.034282156071628135,0.0,0.0,0.0,0.0,0.0,0.0,0.0,0.034282156071628135,0.0,0.0,0.0,0.0,0.0,0.034282156071628135,0.0,0.0,0.0,0.0,0.0,0.0,0.0,0.0,0.0,0.0,0.0,0.0,0.0,0.0,0.0,0.034282156071628135,0.0,0.0,0.0,0.0,0.0,0.0,-0.016382877957646924,0.0,0.0,0.0,0.0,0.0,0.0,0.002254004117635606,0.0,0.0,0.034282156071628135,0.0,0.034282156071628135,0.0,0.0,0.0,0.0,0.0,0.0,0.034282156071628135,0.0,0.0,0.034282156071628135,0.0,0.0,0.0,0.0,0.0,0.0164187160460047,0.0,0.0,0.0,0.0017547140996046241,0.0,0.0,0.0,0.0,0.0,0.0,0.0,0.0,-0.016382877957646924,0.034282156071628135,0.034282156071628135,0.0,0.0,0.0,0.0,0.0,0.0,0.0,0.0,0.0,0.0,0.0,0.0,0.0,0.0,0.0,0.0,0.0,0.0,0.0,0.0,0.0,0.034282156071628135,0.034282156071628135,0.0,0.0,0.0,0.0,0.0,0.0,0.0,0.0,0.0,0.010693117230749888,0.0,-0.016382877957646924,0.0,0.0,0.0,0.0,-0.016382877957646924,0.0,-0.016382877957646924,0.0
-0.0004830274908911858,0.0,0.0,0.0,0.0,0.0346987697163078,-0.0004830274908911858,-0.0004830274908911858,0.0346987697163078,-0.0004830274908911858,-0.0004830274908911858,-0.0004830274908911858,0.0,0.0,-0.0004830274908911858,0.0,0.0,-0.0004830274908911858,0.0,-0.0004830274908911858,0.0,-0.0004830274908911858,0.00912815845309213,-0.0004830274908911858,0.0,-0.0004830274908911858,-0.0004830274908911858,-0.0004830274908911858,-0.0004830274908911858,-0.0004830274908911858,0.0,0.0062942440035741835,-0.0004830274908911858,-0.0004830274908911858,0.0346987697163078,0.0,0.0,-0.0004830274908911858,0.0,0.0,-0.0004830274908911858,0.0,-0.0004830274908911858,0.0,-0.0004830274908911858,-0.0004830274908911858,-0.0004830274908911858,0.0,0.0,-0.0004830274908911858,-0.0004830274908911858,-0.0004830274908911858,-0.0004830274908911858,0.0346987697163078,-0.0004830274908911858,-0.0004830274908911858,0.0,-0.0004830274908911858,0.0,0.0038769946732931477,-0.0004830274908911858,0.0,-0.0004830274908911858,0.0346987697163078,0.0346987697163078,-0.0004830274908911858,0.0,-0.0004830274908911858,0.0,0.0,-0.0004830274908911858,-0.0004830274908911858,-0.0004830274908911858,0.0,-0.0004830274908911858,-0.0004830274908911858,-0.0004830274908911858,0.0,-0.0004830274908911858,-0.0004830274908911858,0.0,0.0,-0.0004830274908911858,0.0346987697163078,0.0,-0.0004830274908911858,0.0,-0.0004830274908911858,-0.0004830274908911858,0.0,0.0,-0.0004830274908911858,0.0,0.0,-0.1840734021861355,-0.0004830274908911858,0.0346987697163078,-0.0004830274908911858,0.0,0.0,0.0,-0.0004830274908911858,0.0,-0.0004830274908911858,0.0,0.0,-0.0004830274908911858,-0.0004830274908911858,0.0346987697163078,-0.0004830274908911858,0.0,-0.0004830274908911858,0.0,-0.0004830274908911858,-0.0004830274908911858,0.0,-0.0004830274908911858,0.01404768183153101,0.0,0.0,0.0346987697163078,-0.0004830274908911858,0.0,-0.0004830274908911858,0.0,-0.0004830274908911858,0.0,0.0346987697163078,-0.0004830274908911858,0.0,0.0,0.0,0.0346987697163078,-0.0004830274908911858,0.0,0.0,-0.0004830274908911858,0.0,0.0,0.0346987697163078,0.0,-0.0004830274908911858,-0.0004830274908911858,0.0,0.0,-0.0004830274908911858,-0.0004830274908911858,-0.0004830274908911858,0.0,0.0346987697163078,0.0,-0.0004830274908911858,-0.0004830274908911858,0.0,0.0,-0.0004830274908911858,0.0,0.0,-0.0004830274908911858,-0.0004830274908911858,-0.0004830274908911858,0.0,-0.0004830274908911858,0.0,0.0346987697163078,-0.0004830274908911858,0.0,-0.0004830274908911858,-0.0004830274908911858,0.0,-0.0004830274908911858,-0.0004830274908911858,0.0,-0.0004830274908911858,-0.0004830274908911858,0.0346987697163078,0.0,0.0346987697163078,-0.0004830274908911858,-0.0004830274908911858,0.0,0.0346987697163078,0.0,0.0346987697163078,-0.0004830274908911858,0.0,-0.0004830274908911858,-0.0004830274908911858,-0.0004830274908911858,0.0,-0.0004830274908911858,0.0346987697163078,-0.0004830274908911858,0.0,-0.0004830274908911858,-0.0004830274908911858,0.0,-0.0004830274908911858,-0.0004830274908911858,0.0,0.0,0.0346987697163078,-0.0004830274908911858,-0.0004830274908911858,-0.0004830274908911858,-0.0004830274908911858,0.0,-0.0004830274908911858,0.0,0.0,-0.0004830274908911858,0.0,0.0,-0.0004830274908911858,0.0,-0.0004830274908911858,-0.0004830274908911858,0.0,0.0,-0.0004830274908911858,-0.0004830274908911858,0.0346987697163078,-0.0004830274908911858,-0.0004830274908911858,-0.0004830274908911858,-0.0004830274908911858,-0.0004830274908911858,-0.0004830274908911858,-0.0004830274908911858,0.0,-0.0004830274908911858,-0.0004830274908911858,-0.0004830274908911858,-0.0004830274908911858,-0.0004830274908911858,0.0,0.0,0.0,0.0,-0.0004830274908911858,0.0,-0.0004830274908911858,0.0,-0.0004830274908911858,0.0,0.0,0.0,0.0,0.0,-0.0004830274908911858,-0.0004830274908911858,-0.0004830274908911858,-0.0004830274908911858,-0.0004830274908911858,-0.0004830274908911858,0.0,-0.0004830274908911858,0.0,0.0,0.0,0.0,0.0346987697163078,0.0,0.0,-0.0004830274908911858,-0.0004830274908911858,0.0,-0.0004830274908911858,0.0346987697163078,0.0346987697163078,-0.0004830274908911858,0.0,-0.0004830274908911858,-0.0004830274908911858,-0.0004830274908911858,0.0,-0.0004830274908911858,-0.0004830274908911858,-0.0004830274908911858,0.0,-0.0004830274908911858,0.0,0.0,0.0,-0.0004830274908911858,0.0346987697163078,0.0346987697163078,-0.0004830274908911858,-0.0004830274908911858,-0.0004830274908911858,-0.0004830274908911858,-0.0004830274908911858,0.0,0.0346987697163078,0.0,0.0,-0.0004830274908911858,-0.0004830274908911858,-0.0004830274908911858,-0.0004830274908911858,0.0,-0.0004830274908911858,-0.0004830274908911858,0.0,0.008526107161918173,0.0035713177299525347,-0.0004830274908911858,-0.0004830274908911858,0.0,-0.0004830274908911858,-0.0004830274908911858,-0.0004830274908911858,-0.0004830274908911858,-0.0004830274908911858,-0.0004830274908911858,-0.0004830274908911858,0.0,0.0346987697163078,-0.0004830274908911858,4.228902810181226e-05,-0.0004830274908911858,-0.0004830274908911858,0.0,-0.0004830274908911858,0.0,0.0,-0.0004830274908911858,-0.0004830274908911858,-0.0004830274908911858,-0.0004830274908911858,0.0,-0.0004830274908911858,0.0,-0.0004830274908911858,-0.0004830274908911858,0.0,0.0,0.0,-0.0004830274908911858,0.0,-0.0004830274908911858,0.0,0.0,-0.0004830274908911858,0.0014579401582415262,0.0,0.0,0.0,0.0,0.0,-0.0004830274908911858,-0.0004830274908911858,0.0,-0.0004830274908911858,0.0,-0.0004830274908911858,0.0,-0.0004830274908911858,0.0,-0.0004830274908911858,-0.0004830274908911858,-0.0004830274908911858,0.0,0.0,-0.0004830274908911858,-0.0004830274908911858,0.0,0.0346987697163078,0.0346987697163078,-0.0004830274908911858,-0.0004830274908911858,-0.0004830274908911858,-0.0004830274908911858,0.0346987697163078,-0.0004830274908911858,0.0,-0.0004830274908911858,-0.0004830274908911858,-0.0004830274908911858,0.0346987697163078,0.0,-0.0004830274908911858,0.002846580963319417,0.0,0.0,-0.0004830274908911858,-0.0004830274908911858,-0.0004830274908911858,-0.0004830274908911858,0.0,-0.0004830274908911858,-0.0004830274908911858,0.0,0.0,-0.0004830274908911858,-0.0004830274908911858,0.0,-0.0004830274908911858,-0.0004830274908911858,0.0,0.0,-0.0004830274908911858,-0.0004830274908911858,-0.0004830274908911858,0.0,-0.0004830274908911858,-0.0004830274908911858,-0.0004830274908911858,0.0,0.0,0.0,-0.0004830274908911858,0.0346987697163078,-0.0004830274908911858,0.0,0.0,-0.0004830274908911858,0.0,-0.0004830274908911858,-0.0004830274908911858,-0.0004830274908911858,-0.0004830274908911858,-0.0004830274908911858,-0.0004830274908911858,0.0,0.0,-0.0004830274908911858,-0.0004830274908911858,-0.0004830274908911858,0.0,0.0,-0.0004830274908911858,-0.0004830274908911858,-0.0004830274908911858,0.0346987697163078,0.0,-0.0004830274908911858,-0.0004830274908911858,-0.0004830274908911858,0.0,0.0,0.0010529762098955113,-0.0004830274908911858,-0.0004830274908911858,0.0,-0.0004830274908911858,-0.0004830274908911858,0.0,0.0,0.0,0.0,0.0346987697163078,0.0,-0.0004830274908911858,-0.0004830274908911858,0.0,-0.0004830274908911858,0.0,0.0,-0.0004830274908911858,0.0,-0.0004830274908911858,-0.0004830274908911858,-0.0004830274908911858,-0.0004830274908911858
0.0,-0.1406238970621626,0.0,0.0,0.0,0.03945773362077603,0.0,0.0,0.0,0.0,0.0,0.0,0.0,0.0,0.0,0.0,0.0,0.0,0.0,0.0,0.0,0.0,0.0,0.0,0.0,0.0,0.0,0.0,0.0,0.0,0.0,0.0,0.0,0.0,0.03945773362077603,0.0,0.03945773362077603,0.0,0.0,0.0,0.0,0.0,0.0,0.0,0.0,0.03945773362077603,0.0,0.03945773362077603,0.0,0.0,0.0,0.0,0.0,0.0,0.0,0.0,0.03945773362077603,0.0,0.0,0.0,0.0,0.0,0.0,0.0,0.0,0.0,0.0,0.0,0.0,0.0,0.0,0.0,0.0,0.0,0.0,0.0,0.0,0.03945773362077603,0.0,0.0,0.0,0.0,0.0,0.0,0.0,0.006905302584904288,0.0,0.03945773362077603,0.0,0.0,0.0,0.0,0.0,0.0,0.0,0.0,0.03945773362077603,0.0,0.0,0.0,0.0,0.0,0.0,0.0,0.0,0.0,0.0,0.0,0.0,0.0,0.0,0.0,0.0,0.0,0.0,0.0,0.0,0.0,0.0,0.0,0.0,0.0,0.0,0.0,0.0,0.0,0.0,0.0,0.0,0.0,0.03945773362077603,0.0,0.0,0.0,0.0,-0.13754161027526962,0.0,0.0,0.0,0.0,0.0,0.03945773362077603,0.0,0.0,0.0,0.0,0.0,0.0,0.0,0.0,0.0,0.0,0.0,0.0,0.0,0.0,0.0,0.0,0.0,0.0,0.0,0.0,0.0,0.0,0.0,0.0,0.0,0.0,0.0,0.0,0.0,0.0,0.0003104701480962244,0.0,0.0,0.0,0.0,0.0,0.0,0.0,0.0,0.0,0.0,0.0,0.0,0.0,0.0,0.0,0.0,0.0,-0.02183449266257914,0.03945773362077603,0.0,0.0,0.0,0.0,0.0,0.0,0.0,0.0,0.0,0.0,0.0,0.0,0.0,0.03945773362077603,0.0,0.0,0.0,0.0,0.0,0.0,0.0,0.0,0.0,0.0,0.0,0.0,0.0,0.0,0.0,0.0,0.0,0.0,0.0,0.0,0.0,0.0,0.0,0.0,0.0,0.0,0.0,0.0,0.0,0.0,0.0,0.0,0.0,0.0,0.0,0.0,0.0,0.0,0.0,0.0,0.0,0.0,0.0,0.03945773362077603,0.0,0.03945773362077603,0.0,0.0,0.0,0.0,0.0,0.0,0.0,0.0,0.0,0.03945773362077603,0.03945773362077603,0.0,0.0,0.0,0.0,0.0,0.03945773362077603,0.0,0.0,0.0,0.0,0.0,0.03945773362077603,0.0,0.0,0.0,0.0,0.0,0.0,0.03945773362077603,0.03945773362077603,0.0,0.0,0.0,0.03945773362077603,0.0,0.0,0.0,0.0,0.0,0.0,0.0,0.0,0.03945773362077603,0.0,0.0,0.0,0.0,0.0,0.0,0.0,0.03945773362077603,0.0,0.0,0.0,0.0,0.0,0.0,0.0,0.0,0.0,0.0,0.0,0.0,0.0,0.0,0.0,0.0,0.011788380277648756,0.0,0.0,0.0,0.0,0.0,0.0,0.0,0.0,0.0,0.0,0.0,0.0,0.0,0.0,0.0,0.0,0.0,0.0,0.0,0.0,0.0,0.0,0.0,0.03945773362077603,0.0,0.0,0.0,0.0,0.03945773362077603,0.0,0.0,0.0,0.0,0.0,0.0,0.0,0.0,0.0,0.0,0.0,0.0,0.0,0.0,0.0,0.0,0.03945773362077603,0.0038082149887811137,0.0,0.0,0.0,0.0,0.0,0.0,0.0,0.0,0.0,0.0,0.0,0.0,0.0,0.0,0.0,0.03945773362077603,0.0,0.0,0.0,0.0,0.0,0.0,0.0,0.0,0.0,0.0,0.0,0.0,0.0,0.0,0.0,0.0,0.0,0.0,0.0,0.0,0.0,0.0,0.0,0.0,0.0,0.0,0.03945773362077603,0.0,0.0,0.0,0.0,0.03945773362077603,0.0,0.03945773362077603,0.0,0.0,0.0,0.0,0.0,0.0,0.0,0.0,0.0,0.0,0.0,0.0,0.0,0.0,0.0,0.0,0.0,0.01454015613573719,0.0,0.0,0.0,0.0,0.0,0.0,0.0,0.0,0.0,0.0,0.0,0.0,0.0,0.0,0.0,0.03945773362077603,0.0,0.0,0.0,0.0,0.0,0.0,0.0,0.0,0.0,0.0,0.0,0.0,0.0
0.0,0.0,0.0,0.0,0.0,0.036510887208002024,0.0,0.0,0.0,0.0,0.0,0.036510887208002024,0.0,0.0,0.0,-0.01196772775254995,0.0,0.0,0.0,0.0,0.0,0.0,0.0,0.0,0.0,0.0,0.0,0.0,0.0,0.0,0.0,0.0,0.0,0.0,0.0,0.0,0.0,0.005855824230862358,0.0,0.0,0.036510887208002024,0.0,0.0,0.0,0.0,0.0,-0.01196772775254995,0.036510887208002024,0.0,0.0,0.0,0.0,0.0,0.0,0.0,0.0,0.036510887208002024,0.0,0.0,0.0,0.0,0.0,-0.09614522511353488,0.0,0.0,0.0,0.0,0.0,0.0,0.0,0.0,0.0,0.0021263754532050362,0.0,0.0,0.0,0.0,0.0,0.0,0.0,0.0,0.0,0.0,0.0,0.0,0.0,0.0,0.0,0.0,0.0,0.0,0.0,0.0,0.0,0.0,0.036510887208002024,0.0,0.0,0.0,0.0,0.0,0.0,0.0,0.0,0.036510887208002024,0.0,0.0,0.0,0.0,0.0,0.0,0.0,0.0,0.0,0.0,0.0,0.0,0.0,0.0,0.0,0.0,0.036510887208002024,0.036510887208002024,0.0,0.0,0.0,0.0,0.0,0.0,0.0,0.0,0.0,0.0,0.0,0.0,0.0,0.0,0.0,0.036510887208002024,0.0,0.0,0.0,0.0,0.036510887208002024,0.0,0.0,0.0,0.0,0.0,0.0,0.0,0.036510887208002024,0.0,0.0,0.0,0.0,0.036510887208002024,0.0,0.0,0.0,0.0,0.0,0.0,0.0,0.0,0.0,0.0,-0.01196772775254995,0.0,0.0,0.0,0.0,-0.01196772775254995,0.0,0.0,0.0,0.0,0.036510887208002024,0.0,0.0,0.0,0.0,0.036510887208002024,0.0,0.0,0.0,0.0,0.0,0.0,0.0,0.0,0.036510887208002024,0.0,0.0,0.0,0.0,0.0,0.0,0.0,0.0,0.0,0.0,0.0,0.0,0.003190153827257595,0.0,0.036510887208002024,0.0,0.0,0.0,0.0,0.0,0.0,0.0,0.0,0.0,0.036510887208002024,0.0,0.0,0.0,0.0,0.0,0.0,0.0,0.0,0.0,0.0,0.0,0.0,0.0,0.0,0.036510887208002024,0.0,0.0,0.0,0.0,0.0,0.0,0.0,0.0,0.0,0.0,0.0,0.0,0.0,-0.09614522511353488,0.0,0.0,0.0,0.0,0.036510887208002024,0.0,0.0,0.0,0.0,0.0,0.0,0.0,0.0,0.0,0.0,0.0,0.0,0.0,0.0,0.0,0.0,0.0,0.0,0.0,0.0,0.0,0.036510887208002024,0.01078218668245092,0.0,0.0,0.0,0.0,0.0,0.0,0.0,0.036510887208002024,0.0,0.0,0.0,0.0,0.0,0.0,0.0,0.0,0.0,0.0,0.0,0.0,0.0,0.0,0.0,-0.01196772775254995,0.0,0.0,0.036510887208002024,0.0,0.0,0.0,0.0,0.0,0.0,0.0,-0.01196772775254995,0.036510887208002024,0.0,0.0,0.0,0.0,0.0,0.036510887208002024,0.0,0.0,0.0,0.0,0.0,0.0,0.0,0.0,0.0,0.0,0.0,0.0,0.0,0.0,0.0,0.0,0.0,0.0,0.0,0.036510887208002024,0.0,0.036510887208002024,0.0,0.0,0.036510887208002024,0.0,0.0,0.0,0.0,0.0,0.0,0.0,0.0,0.0,0.0,0.0,0.0,0.0,-0.01196772775254995,0.0,0.036510887208002024,0.0,0.0,0.0,0.0,0.0,0.0,0.0,0.0,0.0,0.0,0.0,0.0,0.0026780080912050443,0.0,0.0,0.0,0.0,0.0,0.0,0.0,0.0,0.0,0.0,0.0,0.0,0.0,0.0,0.0,0.0,0.0,0.0,0.0,0.0,0.01351965249769861,0.0,0.0,0.0,0.0,0.0,0.036510887208002024,0.0,0.0,0.0,0.0,0.0,0.0,0.0,0.0,0.0,0.0,0.0,0.0,-0.01196772775254995,0.036510887208002024,0.0,0.0,0.0,0.0,0.036510887208002024,0.0,0.0,0.0,0.0,0.036510887208002024,0.036510887208002024,0.0,0.0,0.0,0.0,0.0,0.0,0.0,0.0,0.0,0.0,0.0,0.0,0.0,-0.01196772775254995,0.0,0.0,0.0,0.0,0.020477634145251746,0.0,0.0,0.0,0.0,0.0,0.0,0.0,0.0,0.0,0.0,0.0,0.0,0.0,0.0,0.0,0.0,0.0,0.0,0.0,0.0,0.0,0.0,0.0,0.0
0.0,0.0,0.0,0.0,0.0,0.04309091525185151,0.0,0.04309091525185151,0.0,0.0027484839730776084,0.0025735789896204975,0.0,0.0,0.0,0.0021217411156895325,0.0,0.0,0.0,0.04309091525185151,0.04309091525185151,0.0,0.0021217411156895325,0.0,0.04309091525185151,0.0,0.0025735789896204975,0.0,0.0,0.0,0.04309091525185151,0.0,0.0,0.0,0.0,0.04309091525185151,0.0098468090342429,0.0027484839730776084,0.0,0.04309091525185151,0.0,0.0,0.0,0.0,0.0025735789896204975,0.0,0.0027484839730776084,0.04309091525185151,0.0,0.0,0.0,0.0,0.0,0.0,0.0,0.0,0.0,0.0,0.0,0.0,0.0,0.0,0.0,0.0,0.0,0.0,0.0,0.0,0.0,0.0,0.0,-0.015789473684212296,0.0,0.0,0.0,0.0,0.0,0.0025735789896204975,0.0,0.0,0.0,0.0,0.0,0.0,0.0,0.0,0.04309091525185151,0.0,0.015036303329044272,0.0,0.0,0.0,0.0021217411156895325,0.0,-0.015789473684212296,0.0,0.0,0.0,0.0,0.0,0.0,0.0,0.0,0.0,0.0,0.0,0.0,0.0,0.0,0.0,0.0025735789896204975,0.0,0.0,0.0,0.0021217411156895325,0.0,0.0,0.0,0.0,0.0,0.0,0.0,0.0,0.04309091525185151,0.0,-0.015789473684212296,0.0,0.0,0.0025735789896204975,0.0,0.0,0.0,0.0,0.0,0.0,-0.015789473684212296,0.0,0.0,0.0,0.0025735789896204975,-0.015789473684212296,0.0,0.0,0.0,0.0025735789896204975,0.0,0.0,0.0,0.0,0.0,0.04309091525185151,0.0,0.0,0.0,0.0,0.0,0.0,0.04309091525185151,0.0,0.0,0.0,0.0,0.0,0.0,0.00028391375163584363,0.0,0.0025735789896204975,0.0,0.0,0.0,0.0,0.0,0.0,0.0,0.0,0.0,0.0,0.0,0.0,0.0,0.0,0.0,0.0,-0.015789473684212296,0.0,0.0,0.0,0.0,0.0,0.0,0.0,0.0,0.04309091525185151,-0.015789473684212296,0.0,0.0,0.0,0.0,0.0,0.0,0.0,0.0,0.0,0.0,0.0,0.04309091525185151,0.0,-0.015789473684212296,-0.015789473684212296,0.0,0.0,0.0,-0.015789473684212296,0.0,0.0,0.009592384473789756,0.0,0.0,0.0,0.0,0.0,0.0,0.0,0.0,0.0025735789896204975,0.0,0.0025735789896204975,0.0,0.0,0.0,0.0,0.0,0.0,0.0,0.0,0.0,0.0025735789896204975,0.002296646099146638,0.0,0.0,0.0,0.0,0.0,0.0,0.0,0.0,0.0,0.0,0.0,0.0,0.0,0.0,0.0,0.0,0.0,0.04309091525185151,0.0021217411156895325,0.0,0.0,0.0,0.04309091525185151,0.0,0.0025735789896204975,0.0,0.0,0.0,0.0,0.0,0.0,0.0,0.0,0.0,0.0,0.0,-0.015789473684212296,0.0,0.0,0.0,0.0,0.0,0.0,0.0,0.0,0.002296646099146638,0.00044039620184216567,0.0,0.0,0.0,0.0,0.0,0.0,-0.015789473684212296,0.0,0.04309091525185151,0.0,-0.015789473684212296,0.0,0.0,0.0,0.0,0.0,0.0,0.0025735789896204975,0.0,0.0,0.0,0.0,0.0,0.0,0.0,0.0,0.0025735789896204975,0.0,0.0,0.0,0.0,0.04309091525185151,0.0,0.0,0.0,0.0,0.0,0.0,0.0,0.0,0.0025735789896204975,0.0,0.0,0.0,0.0,0.0027484839730776084,0.0,0.0,0.0,0.0,0.04309091525185151,0.0,0.0,0.0,0.0,0.0,0.0,0.04309091525185151,0.0,0.0,0.008507663300141364,0.0,0.0,0.0,0.0,0.0,0.0,0.0,0.0,0.0,0.0,0.0,0.0,-0.015789473684212296,0.0,0.0,0.0,0.0,0.0,0.0,0.0,0.0,0.0,0.0,0.0,0.0,0.0,0.0,0.0,0.0,0.0,0.0,0.0,0.0,0.0,0.0,0.0,0.0,0.0,0.0,0.0,0.0,0.0,0.0,0.04309091525185151,0.0,0.0,0.0,0.00010900876817873816,0.04309091525185151,0.0,0.0,0.0,0.04309091525185151,0.0,0.0025735789896204975,0.0,-0.015789473684212296,0.0,0.0,0.0,0.0,0.0,0.0,0.0,0.0,0.0,0.0,0.0,0.0,0.013216487654457008,0.0,0.0,0.0,0.0,0.0,0.04309091525185151,0.0,0.0,0.0,0.0,0.0,-0.015789473684212296,0.0,0.0,0.0,0.0021217411156895325,0.0,0.0,0.0,0.0,0.0,-0.015789473684212296,0.0,0.0,0.002296646099146638,0.0,0.0,0.0,0.0,0.0,0.0,0.0,0.04309091525185151,-0.015789473684212296,0.0,0.0,0.04309091525185151,0.0,-0.015789473684212296,0.0,0.0025735789896204975,0.0,0.0025735789896204975,0.0,0.0,0.0,0.0,0.0,0.0,0.0
0.0,0.0,0.0,0.0,0.0,0.0,0.0,0.0,0.03583103194725125,0.03583103194725125,0.0,0.0,0.0,0.0,0.0,0.0,0.00360962291398892,0.0,0.0,0.0,0.0,0.0,0.0,0.0,0.0,0.0,0.0,0.0,0.03583103194725125,0.03583103194725125,0.0,0.0,0.0,0.0,0.0,0.0,0.0,-0.020271459436078443,0.0,0.0,0.0,0.0,0.0,0.0,0.0,0.0,0.0,0.0,0.0,0.0,0.0,0.0,0.0,0.0,0.0,0.0,0.0,0.0,0.0,0.0,0.0,0.0,0.0,0.0,0.0,0.0,0.0,0.0,0.0,0.0,0.0,0.0,0.0,0.0,0.0,0.0,0.0,0.0,0.0,0.0,0.0,0.0,0.0,0.0,0.0,0.0,0.0,0.0,0.0,0.0,0.0,0.0,0.0,0.0,0.0,0.0,0.0,0.0,0.0,0.0,0.0,0.0,0.0,0.0,0.03583103194725125,0.0,0.0,0.0,0.0,0.0,0.0,0.0,0.03583103194725125,0.0,0.0,0.0,0.0,0.0,0.0,0.0,0.0,0.0,0.03583103194725125,0.0,0.0,0.0,0.0,0.0,0.0,0.0,0.03583103194725125,0.0,0.0,0.0,0.0,0.0,0.0,0.03583103194725125,0.0,0.0,0.03583103194725125,0.0,0.0,0.0,0.0,0.0,0.0,0.0,0.0,0.0,0.0,0.0,0.0,0.0,0.0,0.0,0.0,0.0,0.0,0.0,0.0,0.0,0.0,0.0,0.0,0.0,0.0,0.0,0.0,0.0,0.0,0.0,0.0,0.0,0.0,0.0,0.0,0.0,0.0,0.0,0.0,0.0,0.0,0.0,0.0,0.0,0.0,0.0,0.0,0.0,0.0,0.0,0.0,0.0,0.0,0.0,0.0,0.03583103194725125,0.0,0.0,0.0,0.0,0.0,0.0,0.0,0.03583103194725125,0.0,0.0,0.0,0.0,0.0,0.0,0.0,0.0,0.0,0.03583103194725125,0.03583103194725125,0.0,0.0,0.0,0.0,0.0,0.0,0.0,0.0,0.0,0.0,0.0,0.0,0.0,0.0,0.0,0.03583103194725125,0.0,0.0,0.0,0.0,0.0,0.0,0.03583103194725125,0.0,0.0,0.0,0.0,0.0,0.0,0.0,0.0,0.0,0.0,0.0,0.0,0.0,0.0,0.03583103194725125,0.0,0.0,0.0,0.03583103194725125,0.0,0.0,0.0,0.0,0.0,-0.020271459436078443,-0.020271459436078443,0.0,0.0,0.0,0.0,0.03583103194725125,0.003649964589954888,0.0,0.0,0.0,0.0,0.0,0.0,0.0,0.0,0.0,0.0,0.0,0.0,0.0,0.0,0.03583103194725125,0.0,0.0,0.0,0.0,0.0,0.0,0.0,0.0,0.0,0.03583103194725125,0.0,0.0,0.0,0.0,0.0,0.0,0.0,0.0,0.0,0.0,0.0,0.0,0.0,0.0,0.0,0.03583103194725125,0.0,0.0,0.03583103194725125,0.03583103194725125,0.03583103194725125,0.0,0.0,0.0,0.03583103194725125,0.0,0.0,0.0,0.0,0.0,0.0,0.0,0.0,0.0,0.0,0.0,0.0,0.0,0.0,0.0,0.0,0.0,0.0,0.03583103194725125,0.0,0.0,0.0,0.0,0.0,0.0,-0.2189141622557046,0.0,0.0,0.0,0.0,0.0,0.0,0.0,0.0,0.0,0.0,0.0,0.03583103194725125,0.0,0.0,0.0,0.002823262395011785,0.0,0.03583103194725125,0.0,0.0,0.0,0.0,0.0,0.0,0.0,0.0,0.0,0.0,0.0,0.0,0.0,0.0,0.03583103194725125,0.0,0.0,0.0,0.0,0.0,0.0,0.0,0.0,0.0,0.0,0.0,0.0,0.0,0.0,0.0,0.0,0.0,0.0,0.0,0.0,0.0,0.0,0.0,0.0,0.0,0.0,0.0,0.0,0.0,0.03583103194725125,0.0,0.03583103194725125,0.03583103194725125,0.0,0.0,0.0,0.0,0.0,0.0,0.0,0.0,0.0,0.0,0.0,0.0,0.0,0.03583103194725125,0.0,0.0,0.0,0.0,0.0,0.0,0.0,0.0,0.0,0.0,0.0,0.0,0.0,-0.020271459436078443,0.0,0.0,0.03583103194725125,0.0,0.0,0.0,0.0,0.0,0.0,0.0,0.0,0.0,0.0,0.0,0.0,0.0,0.0,0.0,0.0,0.0,0.0,0.0,0.03583103194725125
0.0,0.0,0.0,0.0,-0.00016026630515125762,-0.00016026630515125762,-0.00016026630515125762,0.0,0.030113708384345475,-0.00016026630515125762,0.0,-0.00016026630515125762,-0.00016026630515125762,0.0,0.0,-0.00016026630515125762,0.0,0.0,0.0,0.0,0.0,0.0,0.0,-0.00016026630515125762,-0.00016026630515125762,0.0,0.0,-0.00016026630515125762,0.0,0.030113708384345475,0.0,0.006799370721874059,0.0,-0.00016026630515125762,-0.00016026630515125762,0.0,-0.00016026630515125762,0.030113708384345475,0.030113708384345475,0.0,0.0,0.0,0.0,0.0,0.030113708384345475,0.030113708384345475,0.0,0.0,0.0,-0.00016026630515125762,-0.00016026630515125762,0.0,0.0,0.030113708384345475,0.030113708384345475,0.0,-0.00016026630515125762,0.0,0.0,0.0,-0.00016026630515125762,0.0,0.0,0.0,0.0,0.0,0.0,-0.00016026630515125762,0.0,0.0,-0.00016026630515125762,-0.00016026630515125762,0.0,0.0,-0.00016026630515125762,0.0,0.0,0.0,0.0,0.0,0.0,0.0,0.0,0.0,0.0,0.0,0.0,-0.00016026630515125762,0.0,-0.00016026630515125762,-0.00016026630515125762,-0.00016026630515125762,-0.00016026630515125762,0.0,-0.00016026630515125762,-0.00016026630515125762,0.0,0.030113708384345475,-0.00016026630515125762,-0.00016026630515125762,-0.00016026630515125762,0.0,0.0,-0.00016026630515125762,0.0,0.0,-0.00016026630515125762,0.0,0.030113708384345475,0.0,-0.00016026630515125762,0.0,0.0,0.0,0.0,-0.00016026630515125762,0.0,-0.00016026630515125762,-0.00016026630515125762,0.0,0.0,0.0,-0.00016026630515125762,0.0,-0.00016026630515125762,0.030113708384345475,0.0,0.030113708384345475,0.0,0.0,0.0,0.030113708384345475,0.006799370721874059,0.0,-0.00016026630515125762,0.0,-0.00016026630515125762,-0.00016026630515125762,0.0,0.0,-0.00016026630515125762,0.0,0.0,0.030113708384345475,0.0,0.0,-0.00016026630515125762,0.0,0.030113708384345475,0.030113708384345475,-0.00016026630515125762,0.0,0.0,-0.00016026630515125762,-0.00016026630515125762,-0.00016026630515125762,0.0,0.0,0.0,-0.00016026630515125762,-0.00016026630515125762,0.007735686882149814,0.0,0.0,0.0,-0.00016026630515125762,0.0,0.0,-0.00016026630515125762,-0.00016026630515125762,0.0,0.0,0.030113708384345475,-0.00016026630515125762,0.0,0.0,0.0,0.0,0.0,-0.00016026630515125762,-0.00016026630515125762,-0.00016026630515125762,0.0,-0.2798064455509953,0.0,0.0,0.030113708384345475,0.0,0.0,0.030113708384345475,0.0,0.0,0.0,0.0,0.0,-0.00016026630515125762,0.0,0.030113708384345475,0.0,0.0,-0.00016026630515125762,0.030113708384345475,0.0,0.0,0.0,0.0,0.0,0.0,0.0,0.0,0.0,0.0,0.0,0.0,0.0,0.0,0.0,-0.00016026630515125762,-0.00016026630515125762,0.0,0.0,0.030113708384345475,0.0,0.0,0.0,0.0,0.0,0.0,0.0,0.0,0.0,0.0,-0.00016026630515125762,0.0,0.0,0.030113708384345475,0.0,-0.00016026630515125762,-0.00016026630515125762,0.0,0.0,-0.00016026630515125762,0.0,-0.00016026630515125762,0.0,-0.00016026630515125762,0.0,0.030113708384345475,-0.00016026630515125762,0.0,0.030113708384345475,0.0,0.0,0.0,-0.00016026630515125762,0.0,0.0,0.0,0.030113708384345475,0.0,0.0,0.0,0.0,0.0,-0.00016026630515125762,0.0,0.030113708384345475,0.0,-0.00016026630515125762,0.0,-0.00016026630515125762,0.0,0.0,0.0,-0.00016026630515125762,0.0,0.0,0.0,0.030113708384345475,-0.00016026630515125762,0.030113708384345475,-0.00016026630515125762,0.0,0.0,0.0,-0.00016026630515125762,0.0,0.0,-0.00016026630515125762,0.030113708384345475,0.0,0.030113708384345475,-0.00016026630515125762,0.030113708384345475,0.030113708384345475,0.0,0.0,0.0,-0.00016026630515125762,0.0,0.0,-0.00016026630515125762,0.0025466602478196603,0.0,-0.00016026630515125762,0.0,-0.00016026630515125762,0.030113708384345475,0.0,0.0,-0.00016026630515125762,-0.00016026630515125762,-0.00016026630515125762,0.0,0.0,-0.00016026630515125762,-0.00016026630515125762,-0.00016026630515125762,0.0,0.0,0.0,-0.00016026630515125762,0.0,-0.00016026630515125762,0.0,0.0,0.0,0.0,0.0,0.0,0.0,0.0,0.0,0.0,-0.00016026630515125762,0.0,0.0,-0.00016026630515125762,-0.00016026630515125762,0.0,0.0,-0.00016026630515125762,0.0,0.0,-0.00016026630515125762,-0.00016026630515125762,-0.00016026630515125762,0.005822340106974679,0.0,0.0,-0.00016026630515125762,0.0,-0.00016026630515125762,0.0,0.0,0.0,0.0,0.0,-0.00016026630515125762,0.0,-0.00016026630515125762,-0.00016026630515125762,0.0,0.030113708384345475,-0.00016026630515125762,-0.00016026630515125762,0.0,0.0,0.030113708384345475,0.030113708384345475,0.0,0.0,0.0,0.0,0.0,0.0,-0.00016026630515125762,0.0,0.0,0.005520819176797797,0.0,0.0,0.0,-0.00016026630515125762,0.0,0.0,0.0,0.0,0.0,0.0,0.0,-0.00016026630515125762,0.0,0.0,-0.00016026630515125762,-0.00016026630515125762,0.0,0.0,0.0,0.0,0.0,-0.00016026630515125762,0.0,0.0,-0.00016026630515125762,-0.00016026630515125762,-0.00016026630515125762,0.0,0.0,0.0,0.0,0.0,0.0,0.0,0.0,-0.00016026630515125762,0.0,-0.00016026630515125762,0.0,0.0,0.030113708384345475,0.030113708384345475,0.0,0.0,0.0,-0.00016026630515125762,0.0,0.0,-0.00016026630515125762,0.0,0.0,0.0,0.0,-0.00016026630515125762,0.0,0.0,0.0,0.0,0.0,0.0,-0.00016026630515125762,0.0,0.0,-0.00016026630515125762,0.0,-0.00016026630515125762,0.0,0.0,-0.00016026630515125762,-0.00016026630515125762,-0.00016026630515125762,-0.00016026630515125762,0.0,0.0,-0.00016026630515125762,0.030113708384345475,0.0,0.030113708384345475,0.0,0.0,0.0,0.0,0.0,0.0,0.030113708384345475
0.0,0.0,0.0,0.0004274338121063835,0.0,0.0,0.0,0.0,0.0,0.0009124232170353914,0.0,0.0,0.0,0.0,0.0,0.0,0.0,0.0,0.0,0.0,0.0,0.0,0.03512811256182962,0.0,0.0,0.0,0.0,0.03512811256182962,0.03512811256182962,0.0,0.0,0.0,0.0,0.0009124232170353914,0.0,0.0,0.0009124232170353914,0.0,0.0,0.0,0.0,0.0,0.0,0.0,0.0,0.0,0.0,0.03512811256182962,0.0,0.0,0.0,0.0,0.0,0.03512811256182962,0.0,0.0,0.0,0.0,0.0,0.0004274338121063835,0.0,0.0,0.0,0.0,0.0,0.0,0.03512811256182962,0.0,0.0,0.0,0.0,0.0,0.0,0.0,0.0,0.0,0.0,0.0,0.0,0.0,0.0,0.0,0.0,0.0,0.0,0.0,0.0,0.0,0.0,0.0,0.0,0.0,0.03512811256182962,0.0,0.0,0.0,0.0,0.0,0.0,0.0,0.0,0.0,0.0,0.0009124232170353914,0.0,0.0,0.0,0.0,0.0,0.0,0.0,0.0009831238156575073,0.0,0.0,0.0,0.0,0.0,0.0,0.0,0.0,0.0009124232170353914,0.0,0.0,0.0,0.0,-0.15705293263153816,0.0,0.0,0.0,0.0,0.0,0.0,0.0009124232170353914,0.0,0.0,0.0,0.0,0.0,0.0,0.03512811256182962,0.0,0.0,0.0,0.0,0.0,0.0,0.0,0.0,0.0,0.0,0.0,0.0,0.0,0.0,0.0,0.0,0.0,0.0,0.0,0.0,0.0,0.03512811256182962,0.0,0.0,0.0,0.0,0.0,0.0,0.0,0.0,0.0,0.0,0.0,0.0,0.0,0.0,0.03512811256182962,0.0,0.0,0.0,0.0,0.0,-0.1429470673684661,0.0,0.0,0.0,0.03512811256182962,0.0,0.0,0.0,0.0004274338121063835,0.0,0.0,0.0,0.0,0.0,0.0,0.0,0.0,0.0,0.0,0.0,0.0,0.0,0.0,0.03512811256182962,0.0,0.03512811256182962,0.0,0.0,0.0,0.0,0.0,0.0,0.0,0.0,0.03512811256182962,0.0,0.0,0.0,0.0,0.0,0.0,0.0,0.0,0.014561735554988266,0.0009124232170353914,0.03512811256182962,0.0009124232170353914,0.03512811256182962,0.0,0.0,0.0,0.0,0.0009124232170353914,0.0,0.0,0.0,0.0,0.0,0.0,0.0,0.0,0.0,0.0,0.0,0.0,0.0,0.0,0.0,0.0,0.0,0.0,0.0,0.0,0.0,0.0,0.0,0.0009124232170353914,0.0,0.0,0.0,0.03512811256182962,0.0,0.0,0.03512811256182962,0.03512811256182962,0.0,0.0,0.03512811256182962,0.0,0.0,0.0,0.0,0.0,0.0,0.0,0.0,0.0,0.0,0.0,0.0,0.0,0.0,0.0,0.0,0.0,0.0,0.0,0.0,0.0,0.0009124232170353914,0.03512811256182962,0.03512811256182962,0.0,0.0,0.03512811256182962,0.0009124232170353914,0.0,0.0,0.0,0.0,0.03512811256182962,0.0,0.0,0.0,0.0,0.03512811256182962,0.0,0.0,0.0,0.0,0.0,0.0,0.0,0.03512811256182962,0.0,0.0,0.0,0.0004274338121063835,0.0,0.0,0.0,0.0,0.0,0.0,0.0,0.03512811256182962,0.0,0.0,0.0,0.0,0.0009124232170353914,0.0,0.0,0.0,0.0,0.0009124232170353914,0.0,0.03512811256182962,0.0,0.0,0.0,0.0,0.0004274338121063835,0.0,0.0,0.0,0.0004274338121063835,0.0,0.0,0.0,0.0,0.0,0.0,0.0,0.0,0.0,0.0,0.0,0.0,0.0004274338121063835,0.0,0.0,0.0,0.0,0.0,0.0,0.03512811256182962,0.0,0.0,0.0,0.0,0.0,0.0,0.0,0.0,0.0,0.0,0.0,0.0009124232170353914,0.03512811256182962,0.0004274338121063835,0.0,0.0,0.0,0.0,0.0,0.0,0.0,0.0,0.0,0.03512811256182962,0.0,0.0,0.0,0.0,0.0,0.0,0.0,0.03512811256182962,0.0,0.0,0.0,0.0,0.0009124232170353914,0.03512811256182962,0.0,0.0,0.0,0.0,0.0,0.0,0.0,0.0,0.0,0.0,0.0,0.0,0.0,0.0,0.03512811256182962,0.0,0.0,0.0,0.03512811256182962,0.0,0.0,0.0,0.0,0.0,0.0,0.0009124232170353914,0.0,0.0,0.0,0.0,0.0,0.0,0.0,0.0,0.0,0.0,0.0,0.0,0.0,0.0,0.0,0.0,0.0,0.0009124232170353914,0.0,0.0,0.0,0.0,0.0,0.03512811256182962,0.0,0.0,0.0,0.0,0.0,0.0,0.0,0.0
0.0,0.0,0.0,0.03216920613187413,0.0,0.03216920613187413,0.0,0.0,0.0,0.0,0.0,0.0,0.0,0.0,0.0,0.0,0.0,0.0,0.0,0.0,0.0,0.0,0.03216920613187413,0.03216920613187413,0.0,0.0,0.0,0.03216920613187413,0.03216920613187413,0.0,0.0,0.0,0.0,0.0,0.0,0.0,0.0,0.03216920613187413,0.0,0.0,0.0,0.0,0.0,0.0,0.0,0.0,0.0,0.0,0.0,0.0,0.0,0.0,0.03216920613187413,0.0,0.0,0.03216920613187413,0.0,0.0,0.0,0.0,0.0,0.0,0.0,0.0,0.0,0.0,0.0,0.0,0.0,0.0,0.0,0.0,0.0,0.0,0.0,0.03216920613187413,0.0,0.03216920613187413,0.0,0.0,0.03216920613187413,0.0,0.0,0.0,0.0,0.0,0.0,0.0,0.0,0.0,0.0,0.0,0.0,0.0,0.03216920613187413,0.03216920613187413,0.0,0.0,0.0,0.0,0.03216920613187413,0.0,0.0,0.0,0.0,0.0,0.0,0.0,0.0,0.0,0.0,0.0,0.0,0.03216920613187413,0.0,0.0,0.0,0.0,0.0,0.0,0.0,0.0,0.007986326785824093,0.0,0.0,0.0,0.0,0.0,0.0,0.0,0.03216920613187413,0.0,0.0,0.0,0.0,0.0,0.0,0.0,0.0,0.0,0.0,0.0,0.0,0.0,0.0,0.0,0.0,0.0,0.0,0.0,0.0,0.0,0.0,0.0,0.0,0.0,0.0,0.0,0.0,0.0,0.0,0.0,0.0,0.0,0.0,0.03216920613187413,0.0,0.0,0.0,0.0,0.0,0.0,0.0,0.0,0.0,0.0,0.0,0.0,0.0,0.0,0.0,0.0,-0.23405743277505953,0.0,0.0,0.03216920613187413,0.0,0.03216920613187413,0.0,0.0,0.0,0.0,0.0,0.0,0.0,0.0,0.0,0.0,0.0,0.0,0.0,0.0,0.0,0.0,0.0,0.03216920613187413,0.0,0.0,0.0,0.0,0.0,0.0,0.0,0.0,0.0,0.03216920613187413,0.0,0.0,0.0,0.0,0.0,0.0,0.0,0.0,0.0,0.03216920613187413,0.0,0.0,0.0,0.0,0.0,0.0,0.0,0.0,0.0,0.0,0.0,0.0,0.0,0.0,0.0,0.0,0.0,0.0,0.0,0.0,0.0,0.008388617970227724,0.0,0.0,0.0,0.0,0.0,0.0,0.0,0.0,0.0,0.0,0.0,0.0,0.0,0.0,0.0,0.0,0.03216920613187413,0.0,0.0,0.0,0.0,0.0,0.0,0.0,0.0,0.0,0.0,0.0,0.0,0.0,0.0,0.0,0.0,0.0,0.0,0.0,0.0,0.0,0.0,0.0,0.0,0.0,0.0,0.0,0.0,0.0,0.0,0.0028621150035422226,0.0,0.03216920613187413,0.0,0.0,0.0,0.0017883144546977647,0.03216920613187413,0.0,0.0,0.0,0.0,0.0,0.0,0.0,0.0,0.0,0.03216920613187413,0.0,0.0,0.03216920613187413,0.0,0.0,0.0,0.0,0.0,0.0085673133554814,0.0,0.0,0.0,0.0,0.0,0.0,0.0,0.0,0.0,0.0,0.0,0.0,0.0,0.03216920613187413,0.0,0.0,0.0,0.0,0.0,0.0,0.0,0.03216920613187413,0.03216920613187413,0.0,0.0,0.0,0.0,0.0,0.03216920613187413,0.0,0.0,0.0,0.0,0.0,-0.06594256722496603,0.0,0.0,0.0,0.0,0.0,0.0,0.0,0.03216920613187413,0.0,0.0085673133554814,0.0,0.0,0.0,0.0,0.0,0.0,0.0,0.0,0.0,0.0,0.0,0.0,0.0,0.0,0.0,0.0,0.0,0.0,0.0,0.0,0.0,0.0,0.0,0.0,0.0,0.03216920613187413,0.0,0.0,0.0,0.0072409599316548496,0.0,0.0,0.0,0.0,0.0,0.0,0.0,0.0,0.0,0.0,0.0,0.03216920613187413,0.0,0.03216920613187413,0.0,0.0,0.0,0.0,0.0,0.0,0.0,0.0,0.0,0.0,0.0,0.0,0.03216920613187413,0.0,0.0,0.0,0.0,0.0,0.0,0.0,0.0,0.0,0.0,0.0,0.0,0.0,0.0,0.0,0.0,0.0,0.0,0.03216920613187413,0.0,0.0,0.0,0.0,0.0,0.0,0.0,0.0,0.0,0.0,0.0,0.0,0.03216920613187413,0.0,0.0,0.0,0.0,0.0,0.0,0.0,0.0,0.0
0.0,0.0,0.0,0.0,0.0,0.0,0.0,0.0,0.0,0.0,0.0,0.0,0.0,0.0,0.0,0.0,0.0,0.0,0.0,0.0,0.0,0.0,0.0,0.045146463595554596,0.0,0.0,0.0,0.0,0.0,0.0,0.045146463595554596,0.0,0.0,0.0,0.045146463595554596,0.0,0.0,-0.007954062454361144,0.0,0.0,0.0,0.0,0.0,0.0,0.0,0.0,0.0,0.0,0.0,0.0,0.0,0.0,0.045146463595554596,0.0,0.0,0.0,-0.007954062454361144,0.0,0.0,0.0,0.0,0.0,0.0,0.0,0.0,0.0,0.0,0.0,0.0,0.0,0.0,0.0,0.0,0.0,0.0,0.045146463595554596,0.0,0.0,0.0,0.0,0.0,0.0,0.0,0.0,0.0,0.0,0.0,0.0,0.0,0.0,0.0,0.0,0.0,0.0,0.0,0.0,0.0,0.0,0.0,0.0,0.0,0.0,0.0,0.0,0.045146463595554596,0.0,0.0,0.0,0.0,0.0,-0.007954062454361144,0.0,0.0,0.0,0.0,0.0,0.0,0.0,0.0,0.0,0.045146463595554596,0.0,0.045146463595554596,0.0,0.0,0.0,0.0,0.0,0.0,0.0,0.045146463595554596,0.0,0.045146463595554596,0.0,0.0,0.0,-0.007954062454361144,0.0,0.0,0.0,0.0,0.0,0.0,0.0,0.045146463595554596,0.045146463595554596,0.0,0.0,0.0,0.0,0.0,0.0,0.0,0.0,0.0,0.0,0.0,0.0,0.0,-0.007954062454361144,0.0,0.0,-0.007954062454361144,0.0,0.0,0.0,-0.007954062454361144,0.0,0.0,0.0,0.0,0.0,0.0,-0.007954062454361144,0.0,0.0,-0.007954062454361144,0.0,0.0,0.0,-0.007954062454361144,0.045146463595554596,-0.08524031373225124,0.0,0.0,0.0,0.0,0.0,0.0,0.0,0.0,0.0,0.0,0.0,0.0,0.0,0.0,-0.007954062454361144,0.0,0.0,0.0,-0.007954062454361144,0.0,0.0,0.0,0.0,0.0,0.0,0.0,0.0,0.0,0.0,0.0,0.0,0.0,0.0,0.045146463595554596,0.0,0.0,0.0,0.0,0.0,0.0,0.009938836782869788,0.0,0.0,0.0,0.045146463595554596,0.0,0.0,0.0,0.0,0.0,0.0,0.0,0.0,0.0,0.0,0.0,0.0,-0.007954062454361144,0.0,0.0,-0.007954062454361144,-0.007954062454361144,0.0,0.0,0.0,0.0,0.0,0.0,0.0,0.045146463595554596,0.0,0.045146463595554596,0.0,0.0,0.0,0.0,0.0,0.0,0.0,0.0,0.0,0.0,0.0,0.0,0.0,0.0,0.0,0.0,0.045146463595554596,0.0,0.0,0.0,0.0,0.0,0.0,0.0,0.0,0.0,0.0,0.0,0.0,0.0,0.0,-0.007954062454361144,0.0,0.0,0.0,0.0,0.0,0.0,0.0,0.0,0.009188823284910153,0.0,0.045146463595554596,0.0,0.0,0.0,0.045146463595554596,0.0,0.0,0.0,0.0,0.0,0.0,0.0,-0.007954062454361144,0.0,0.0,0.045146463595554596,0.045146463595554596,0.0,0.045146463595554596,0.0,0.0,0.0,0.0,0.045146463595554596,0.0,-0.007954062454361144,0.0,0.0,0.0,0.0,0.0,0.0,0.0,0.0,0.0,0.0,0.0,0.014698871274976136,0.0,0.0,0.0,0.0,0.0,0.0,0.0,0.0,0.0,0.0,0.0,0.0,0.0,0.0,0.0,0.0,0.0,0.0,0.0,0.0,0.0,0.0,0.0,0.0,0.0,0.0,0.0,0.0,0.0,0.0,0.0,0.0,0.0,0.0,0.0,-0.007954062454361144,0.0,0.0,0.0,0.0,0.0,0.0,0.0,0.0,0.0,0.0,0.0,0.0,0.045146463595554596,0.0,0.0,0.0,0.0,0.0,0.0,-0.007954062454361144,0.0,0.0,0.0,0.0,0.0,0.045146463595554596,0.0,0.0,0.0,-0.007954062454361144,0.0,0.0,0.0,0.0,0.0,0.0,0.0,0.0,0.0,0.0,0.0,0.0,0.0,-0.007954062454361144,0.0,0.0,0.0,0.0,0.0,0.0,0.0,0.0,0.0,0.0,0.0,-0.007954062454361144,0.0,0.0,0.0,0.0,0.0,-0.007954062454361144,0.0,0.0,0.0,0.0,0.0,-0.007954062454361144,0.0,0.002072487981715111,0.0,0.0,0.0,0.0,0.0,0.0,0.0,0.0,0.0,0.0,-0.007954062454361144,0.0,0.0,0.045146463595554596,0.0,0.0,0.0,0.0,0.0,0.045146463595554596,-0.007954062454361144,0.0,0.0,0.0
0.0,0.0,0.0,0.0,0.0,0.0,0.0,0.0,0.0,0.0,-0.008333333333333748,0.0,0.0,0.0,0.0,0.0,0.0,0.0,0.0,0.0,0.0,0.0,0.0,0.03552787410849437,-0.008333333333333748,0.0,0.0,0.0,0.03552787410849437,0.0,0.0,0.0,0.0,0.0,0.03552787410849437,0.0,0.0,0.0,-0.008333333333333748,0.0,0.0,0.0,0.0,0.0,0.0,-0.008333333333333748,0.0,0.0,0.0,0.0,0.0,0.0,0.03552787410849437,0.0,0.0,-0.008333333333333748,-0.008333333333333748,0.0,0.0,0.0,0.0,0.0,0.0,0.0,-0.008333333333333748,0.0,0.0,0.0,0.0,0.0,0.0,0.0,0.0,0.0,0.0,0.0,0.0,0.03552787410849437,0.0,-0.008333333333333748,0.0,0.0,0.0,-0.008333333333333748,0.0,0.0,0.0,0.0,0.0,0.0,0.0,0.0,0.0,0.0,-0.008333333333333748,-0.008333333333333748,0.0,0.0,0.0,0.0,0.0,0.0,0.0,0.0,0.0,0.0,0.0,0.03552787410849437,0.0,0.0,0.0,0.0,-0.008333333333333748,0.0,-0.008333333333333748,0.0,0.0,0.0,0.0,0.0,0.0,0.0025467347617456055,-0.008333333333333748,0.0,0.0,0.0,0.0,-0.008333333333333748,0.0,0.0,0.03552787410849437,0.0,0.03552787410849437,0.03552787410849437,0.0,0.0,0.0,0.0,0.0,0.0,0.0,0.0,0.0,0.0,0.0,0.0,0.0,0.0,0.0,0.0,0.0,0.006793830997953203,0.0,-0.008333333333333748,0.0,0.0,0.0,0.0,0.0,0.0,0.0,-0.008333333333333748,0.0,-0.008333333333333748,0.0,0.0,0.0,0.0,0.03552787410849437,0.0,0.0,0.03552787410849437,0.03552787410849437,0.03552787410849437,-0.008333333333333748,0.0,0.0,0.03552787410849437,0.0,0.0,0.03552787410849437,-0.008333333333333748,0.0,0.0,0.0,0.0,0.0,0.0,0.0,0.0,0.0,0.0,0.0,0.0,0.0,0.0,0.0,0.03552787410849437,0.0,0.0,0.03552787410849437,0.0,0.0,0.0,0.0,0.0,0.0,0.0,0.0,0.0,0.0006333894154240265,0.0,0.0,0.03552787410849437,0.0,-0.008333333333333748,0.0,0.0,0.0,0.0,0.0,0.0,0.0,0.0,0.0,0.0,0.0,0.03552787410849437,0.0,0.0,-0.008333333333333748,0.0,0.0,0.0,0.0,0.0,0.0,0.0,0.0,0.0,-0.008333333333333748,0.0,0.0,0.0,0.0,0.0,0.0,0.0,0.0,0.0,0.0,0.0,0.0,0.0,0.03552787410849437,0.0,0.0,0.0,0.0,0.0,0.0,0.0,0.0,0.0,-0.008333333333333748,0.0,0.0,0.03552787410849437,0.0,0.0,0.0,0.0,0.0,0.0,0.0,0.0,0.0,-0.008333333333333748,-0.008333333333333748,0.0,0.0,0.0,0.0,0.0,0.0,0.0,0.0,0.0,-0.008333333333333748,0.0,0.0,0.0,0.0,0.03552787410849437,0.0,0.0,0.00657992182907481,0.03552787410849437,0.0,0.0,0.03552787410849437,0.0,0.0,0.03552787410849437,0.0,0.0,0.0,0.0,0.0,0.0,0.0,0.0,0.03552787410849437,0.0,0.0,0.03552787410849437,0.0,-0.008333333333333748,0.0,0.03552787410849437,0.0,0.0,0.0,-0.008333333333333748,0.0,0.0,0.0,0.0,0.0,0.0,0.0,0.0,0.0,0.0,0.0,0.0,0.0,0.0,0.0,0.0,0.0,0.0,0.0,0.0,0.0,0.0,0.0,0.0,0.0,0.0,0.004442655090005082,0.0,0.0,0.0,0.0,0.0,0.0,0.0,0.0,0.0,0.0,0.03552787410849437,0.0,0.0,0.0,0.0,-0.008333333333333748,0.03552787410849437,0.0,0.0,0.0,0.0,0.0,0.0,0.0,0.03552787410849437,0.0,0.0,0.0,0.0,0.0,0.0,0.0,0.0,0.03552787410849437,0.03552787410849437,-0.008333333333333748,0.0,0.0,0.0,0.0,0.0,0.0,0.0,0.0,0.0,0.0,0.0,0.0,0.0,0.0,0.0,0.03552787410849437,0.0,0.0,0.0,0.0,0.0,0.0,0.0,0.0,0.0,0.0,0.0,0.0,0.0,0.0,0.0,0.0,-0.008333333333333748,0.0,0.0,0.0,0.0,0.0,-0.008333333333333748,0.0,0.0,0.0,0.0,0.03552787410849437,0.0,0.0,0.0,0.0,0.0,0.0,-0.008333333333333748,0.0,0.0,-0.008333333333333748,0.0,0.0,0.0,0.0,0.0,0.0,0.0,0.0,0.0,0.0,0.0,0.0,0.0,0.0,0.0,0.0,0.0,-0.008333333333333748,0.0,0.0,0.0,0.0,0.03552787410849437,0.0
0.0,0.0,0.0,0.03581562304664368,0.0,0.03581562304664368,0.0,0.0,0.0,0.0,0.0,0.0,0.0,0.0,0.0,0.0,0.010637570320828061,0.0,0.0,0.0,0.0,0.0,0.0,0.03581562304664368,0.0,0.0,0.0,0.0,0.0,0.03581562304664368,0.0,0.0,0.0,0.0,0.0,0.0,0.0,0.0,0.0,0.0,0.0,0.0,0.0,0.0,0.0,0.0,0.0,0.0,0.0,0.0,0.0,0.0,0.03581562304664368,0.03581562304664368,0.0,0.03581562304664368,0.0,0.0,0.0,0.0,0.0,0.0,0.0,0.0,0.0,0.0,0.0,0.0,0.0,0.0,0.0,0.0,0.0,0.0,0.0,0.03581562304664368,0.0,0.0,0.0,0.0,0.0,0.0,0.0,0.0,0.0,0.0,0.03581562304664368,0.03581562304664368,0.0,0.0,0.0,0.0,0.0,0.0,0.0,0.0,0.03581562304664368,0.0,0.0,0.0,0.0,0.0,0.03581562304664368,0.0,0.0,0.0,0.0,0.03581562304664368,0.0,0.0,0.0,0.0,0.0,0.0,0.0,0.0,0.0,0.0,0.0,0.0,0.0,0.0,0.0,0.0,0.03581562304664368,0.0,0.0,0.0,0.0,0.03581562304664368,0.0,0.0,0.03581562304664368,0.03581562304664368,0.0,0.0,0.0,0.0,0.0,0.0,0.0,0.0,0.0,0.0,0.0,0.0,0.0,0.0,0.0,0.0,0.0,0.03581562304664368,0.0,0.0,0.0,0.0,0.0,0.0,0.0,0.0,0.0,0.0,0.0,0.0,0.0,0.0,0.0,0.0,0.0,0.0,0.0,0.0,0.0,0.0,0.0,0.0,0.0,0.0,0.0,0.0,0.0,0.0,-0.17396245683735478,0.0,0.0,0.0,0.03581562304664368,0.0,0.0,0.0,0.0,0.0,0.0,0.0,0.0,0.0,0.0,0.0,0.0,0.0,0.03581562304664368,0.0,0.0,0.03581562304664368,0.0,0.0,0.0,0.0,0.0,0.0,0.0,0.0,0.0,0.0,0.0,0.0,0.0,0.0,0.0,0.0,0.0,0.0,0.0,0.0,0.0,0.0,0.0,0.0,0.0,0.0,0.0,0.0,0.0,0.0,0.0,0.0,0.0,0.0,0.0,0.0,0.0,0.0,0.0,0.0,0.0,0.03581562304664368,0.0,0.0,0.0,0.0,0.0,0.0,0.0,0.0,0.0,0.0,0.0,0.0,0.0,0.0,0.0,0.0,0.0,0.0,0.0,0.0,0.0,0.0,0.0,0.0,0.0,0.03581562304664368,0.0,0.0,0.0,0.0,0.0,0.0,0.0,0.03581562304664368,0.03581562304664368,0.0,0.0,0.0,0.0,0.0,0.0,0.0,0.0,0.0,0.0,0.0,0.0,0.0,0.0,0.0,0.0,0.0,0.0,0.0,0.0,0.0,0.0,0.0,0.0,0.0,0.0,0.0,0.0,0.03581562304664368,0.0,0.0,0.0,0.0,0.0,0.03581562304664368,0.0,0.0,0.0,0.0,0.0,0.0,0.0,0.0,0.0,0.0,0.0,0.0,0.0,0.0,0.0,0.0,0.0,0.0,0.03581562304664368,0.0,0.0,0.0,0.03581562304664368,0.0,0.0,0.0,0.0,0.0,0.03581562304664368,0.0,0.0,0.0,0.0,0.0,0.0,0.0,0.0,0.0,0.0,0.0,0.0,0.0,0.0,0.0,0.0,0.0,0.0,0.0,0.0,0.0,0.0,0.0,0.03581562304664368,0.0,0.0,0.0,0.0,0.0,0.0,0.0,0.0,0.0,0.0,0.0,0.0,0.0,0.0,0.0,0.0,0.03581562304664368,0.0,0.0,0.0,0.0,0.0,0.0,0.0,0.0,0.0,0.0,0.0,0.0,0.0,0.0,0.0,0.0,0.0,0.0,0.0,0.03581562304664368,0.0,0.0,0.0,0.0,0.0,0.0,0.0,0.0,0.0,0.0,0.0,0.0,0.0,0.0,0.0,0.0,0.0,0.03581562304664368,0.0,0.0,0.0,0.0,0.0,0.0,0.0,0.0,0.0,0.0,0.03581562304664368,0.0,0.0,0.0,0.0,0.0,0.0,0.0,0.0,0.0,0.0,0.0,0.0,0.0,0.0,0.0,0.0,0.03581562304664368,-0.1260375431626779,0.0,0.0,0.0,0.0,0.0,0.0,0.0,0.0,0.0,0.0,0.0,0.0
0.0,0.0,0.0,0.0,0.03298780512927873,0.03298780512927873,0.03298780512927873,0.0,0.0,0.0,0.0,0.0,0.0,0.0,0.0,0.0,0.0,0.0,0.0,0.0,0.0,0.0,0.0,0.0,0.0,0.0,0.0,0.0,0.0,0.0,0.0,0.0,0.0039151339700628325,0.0,0.0,0.03298780512927873,0.0,0.03298780512927873,0.0,0.0,0.0,0.0,0.0,0.0,0.0,0.0,0.0,0.0,0.03298780512927873,-0.009971302195744713,0.0,0.0,0.0,0.0,0.0,0.0,0.0,0.03298780512927873,0.0,0.0,0.0,0.0,0.0,0.0,0.0,0.0,0.0,0.0,0.0,0.0,0.0,0.0,0.0,0.0,0.0,0.0,0.0,0.03298780512927873,0.0,0.03298780512927873,0.0,0.0,0.0,0.0,0.0,0.0,0.0,0.0,0.0,0.0,0.0,0.0,0.0,0.0,0.0,0.0,0.0,0.03298780512927873,0.0,0.0,0.0,0.0,0.0,0.0,0.0,0.0,0.0,0.0,0.0,0.0,0.0,0.0,0.0,0.0,0.0,0.0,0.0,0.0,0.0,0.0,0.03298780512927873,0.0,0.0,0.0,0.0,0.0,0.0,0.0,0.0,0.0,0.0,0.0,0.0,0.0,0.0,0.0,0.0,0.0,0.0,0.0,0.03298780512927873,0.03298780512927873,0.0,0.0,0.0,0.03298780512927873,0.0,0.0,0.0,0.0,0.0,0.0,0.0,0.0,0.0,0.0,0.0,0.0,0.0,0.0,0.0,0.0,0.0,0.03298780512927873,0.0,0.0,0.0,0.0,0.0,0.0,0.0,0.0,0.0,0.0,0.0,0.0,0.0,0.0,0.0,0.0,0.03298780512927873,0.0,0.0,0.0,0.0,0.0,0.0,0.0,0.0,0.0,0.0,0.0,0.0,0.03298780512927873,0.0,0.0,0.03298780512927873,0.0,0.0,0.0,0.0,0.0,0.0,0.0,0.0,0.0,0.03298780512927873,0.0,0.0,0.0,0.0,0.0,0.0,0.0,0.0,0.0,0.0,0.0,0.0,0.0,0.0,0.0,0.0,0.0,0.0,0.0,0.0,0.03298780512927873,0.0,0.03298780512927873,0.0,0.0,0.0,0.0,0.03298780512927873,0.0,0.0,0.0,0.0,0.0,0.0,0.0,0.0,0.0,0.0,0.0,0.0,0.0,0.0,0.0,0.0,0.0,0.0,0.0,0.0,0.0,0.03298780512927873,0.0,0.0,0.0,0.0,0.0,0.03298780512927873,0.03298780512927873,0.0,0.0,0.0,0.03298780512927873,0.0,0.0,0.0,0.0,0.0,0.0,0.03298780512927873,0.0,0.0,0.0,0.0,0.0,0.0,0.0,0.0,0.0,0.0,0.0,0.0,0.0,0.0,0.0,0.0,0.0,0.0,0.0,0.0,0.0,0.0,0.0,0.0,0.0,0.0,0.0,0.0,0.0,0.0,0.03298780512927873,0.0037600011718726843,0.0,0.0,0.0,0.03298780512927873,0.03298780512927873,0.0,0.0,0.0,0.0,0.0,0.0,0.0,0.0,0.005800464816194212,0.0,0.0,0.0,0.0,0.0,0.0,0.0,0.0,0.0,0.0,0.0,0.0,0.03298780512927873,0.0,0.0,0.0,0.0,0.0,0.03298780512927873,0.0,0.0,0.0,0.0,0.0,0.0,0.0,0.0,0.0,0.0,0.0,0.0,0.0,0.0,0.0,0.0,0.0,0.0,0.03298780512927873,0.0,0.0,0.0,0.0,0.03298780512927873,0.0,0.0,0.0,0.0,0.0,0.0,0.0,0.0,0.0,0.0,0.0,0.0,0.0,-0.28005739560852194,0.0,0.0,0.0,0.0,0.0,0.03298780512927873,0.0,0.0,0.0,0.0,0.03298780512927873,0.0,0.0,0.0,-0.009971302195744713,0.0,0.0,0.0,0.0,0.0,0.0,0.0,0.03298780512927873,0.0,0.0,0.0,0.0,0.03298780512927873,0.0,0.0,0.0,0.0,0.0,0.0,0.0,0.0,0.0,0.0,0.0,0.0,0.0,0.0,0.0,0.0,0.0,0.0,0.0,0.0,0.0,0.0,0.0,0.0,0.0,0.0,0.0,0.0,0.0,0.0,0.0,0.0,0.0,0.0,0.0,0.0,0.0,0.0,0.0,0.0,0.0,0.0,0.0,0.0,0.0,0.0,0.0,0.0,0.0,0.0,0.0,0.0,0.0,0.0,0.0,0.03298780512927873,0.0,0.0,0.0
0.0,0.0,0.0,0.03277132323078681,0.0,0.03277132323078681,0.0,0.0,0.0,0.0,0.0,0.0,0.0,0.0,0.03277132323078681,0.0,0.0,0.0,0.0,-0.0013937443790059678,0.0,0.0,0.0,0.0,0.0,0.0,0.0,0.0,-0.0013937443790059678,0.0,0.0,0.0,0.0,0.0,0.0,0.0,0.0,0.0,0.0,0.0,0.03277132323078681,0.0,0.0,0.0,0.0,0.0,0.03277132323078681,0.0,-0.0013937443790059678,0.0,0.03277132323078681,-0.0013937443790059678,0.0,0.0,0.0,-0.0013937443790059678,0.0,0.0,0.0,0.03277132323078681,0.0,0.0,0.0,0.0,0.0,0.0,0.03277132323078681,0.0,0.0,0.0,0.0,0.0,0.0,0.0,0.0,0.0,0.0,0.0,0.0,0.0,0.0,-0.0013937443790059678,0.0,0.0,0.03277132323078681,0.0,0.0,0.0,0.0,0.0,0.0,0.0,0.0,0.0,0.0,0.0,0.0,0.0,0.0,0.0,0.0,-0.0013937443790059678,0.0,0.0,0.03277132323078681,0.0,-0.0013937443790059678,0.0,0.03277132323078681,0.0,0.0,0.0,-0.0013937443790059678,0.0,0.0,0.0,0.0,0.0,0.0,0.0,0.0,0.0,0.03277132323078681,0.0,0.0,0.0,0.0,0.0,0.03277132323078681,0.0,0.0,0.0,-0.0013937443790059678,0.0,0.0,-0.0013937443790059678,0.0,0.0,0.0,-0.0013937443790059678,0.0,0.008880648323350745,0.0,0.0,-0.0013937443790059678,0.03277132323078681,0.0,0.0,0.0014151040412912752,0.0,0.0,0.0,0.0,0.0,0.0,0.0,0.03277132323078681,0.0,0.0,0.0,0.0,0.0,0.0,-0.0013937443790059678,0.0,0.0,0.0,0.0,0.0,0.0,0.0,0.0,0.0,0.0,0.0,0.0,0.0,-0.0013937443790059678,0.0,0.0,0.0,0.0,0.0,0.0,0.0,0.0,-0.0013937443790059678,0.0,0.0,0.0,0.0,0.0,0.0,0.0,0.0,0.0,0.0,0.0,-0.0013937443790059678,0.0,0.0,0.0,-0.0013937443790059678,0.0,0.0,0.0,-0.0013937443790059678,0.03277132323078681,0.0,0.0,0.0,-0.0013937443790059678,-0.0013937443790059678,0.0,-0.0013937443790059678,0.0,0.0,0.0,-0.0013937443790059678,0.03277132323078681,0.0,0.0,0.03277132323078681,0.0,0.0,0.0,0.0,0.0,0.0,0.0,0.006128105549987389,0.0,0.03277132323078681,0.0,0.0,0.0,0.0,0.0,0.03277132323078681,0.0,0.0,0.0,0.0,0.0,0.03277132323078681,-0.0013937443790059678,0.0,0.0,0.0,0.0,0.0,0.0,0.0,0.03277132323078681,0.0,0.0,0.0,0.0,0.0,0.0,0.0,-0.0013937443790059678,0.0,0.0,0.0,0.0,0.03277132323078681,0.03277132323078681,0.0,0.0,0.0,0.03277132323078681,0.0,0.0,0.0,0.0,0.0,0.0,0.0,0.0,0.0,0.03277132323078681,0.0,0.0,0.0,-0.0013937443790059678,0.0,0.0,0.0,0.0,0.0,0.0,0.0,0.0010488464825679459,0.0,0.0,0.0,0.0,0.0,0.0029912119896350546,0.03277132323078681,-0.0013937443790059678,0.0,0.03277132323078681,0.0,0.03277132323078681,0.0,0.0,0.0,0.03277132323078681,0.0,0.0,-0.0013937443790059678,0.03277132323078681,0.0,0.0,0.0,0.0,0.0,0.0,0.0,0.0,0.03277132323078681,0.03277132323078681,0.0,0.03277132323078681,0.0,0.0,0.0,0.0,0.0,0.0,0.0,0.0,0.0,0.0,0.0,0.0,0.0,0.03277132323078681,0.0,-0.0013937443790059678,0.0,-0.0013937443790059678,0.0,0.0,0.0,0.0,0.0,0.0,0.0,0.0,0.0,0.0,0.0,0.0,0.0,0.0,0.0,0.0,0.0,0.0,0.0,0.0,0.0,0.0,0.0,0.0,0.0,0.0,0.0,0.0,0.0,0.0,0.0,-0.0013937443790059678,0.0,-0.2526126911138326,0.0,0.0,-0.0013937443790059678,0.0,0.0,0.0,0.0,0.0,0.0,0.0,0.0,0.0,0.0,0.0,0.0,0.0,0.0,0.0,0.03277132323078681,0.0,0.0,0.0,0.0,0.0,0.0,0.0,0.0,0.0,0.0,-0.0013937443790059678,0.0,0.03277132323078681,0.0,0.0,0.0,0.0,0.0,0.0,0.0,0.0,0.0,0.0,0.0,0.0,0.0,0.0,0.0,0.0,0.0,0.0,0.0,0.0,0.0,0.0,0.0,0.0,0.03277132323078681,0.0,0.0,0.0,0.0,0.0,0.0,0.0,0.0,0.0,-0.0013937443790059678,0.0,0.0,0.0,0.0,0.0,0.0,0.0014544776124822728,0.0,0.0,0.0,0.0,0.0,0.0,0.0,0.0,0.0,0.0,0.0,0.03277132323078681,0.0
0.0,0.0,0.0,0.0,0.0,0.0,0.0,0.0,0.03298842131683483,0.0,0.03298842131683483,0.0,0.0,0.0,0.0,0.0,0.0,0.0,0.03298842131683483,0.0,0.0,0.0,0.005267842997334434,0.0,0.0,0.0,0.0,0.0,0.0,0.03298842131683483,0.0,0.0,0.0,0.0,0.0,0.0,0.0,0.0,0.0,0.0,0.03298842131683483,0.0,0.0,0.0,0.0,0.0,0.0,0.0,0.0,0.0,0.03298842131683483,0.03298842131683483,0.03298842131683483,0.0,0.0,0.0,0.0,0.0,-0.09419638071522204,0.0,0.011837025073688048,0.0,0.0,0.0,0.0,0.0,0.0,0.0,0.0,0.0,0.0,0.0,0.0,0.0,0.0,0.0,0.0,0.0,0.0,0.0,0.0,0.0,0.03298842131683483,0.0,0.0,0.0,0.011919837235022086,0.03298842131683483,0.0,0.0,0.0,0.0,0.0,0.0,0.0,0.0,0.0,0.0,0.0,0.0,0.0,0.0,0.0,0.0,0.0,0.0,0.0,0.0,0.0,0.0,0.0,0.0,0.0,0.0,0.0,0.0,0.0,0.0,0.0,0.0,0.0,0.0,0.03298842131683483,0.03298842131683483,0.0,0.0,0.0,0.0,0.0,0.03298842131683483,0.03298842131683483,0.0,0.0,0.0,0.0,0.0,0.0,0.0,0.0,0.0,0.0,0.0,0.0,0.0,0.0,0.0,0.0,0.0,0.0,0.0,0.0,0.0,0.0,0.0,0.0,0.0,0.0,0.03298842131683483,0.0,0.0,0.0,0.010265599188863554,0.03298842131683483,0.0,0.0,0.0,0.0,0.0,0.0,0.0,0.0,0.0,0.0,0.0,0.0,0.0,0.0,0.0,0.0,0.03298842131683483,0.0,0.0,0.03298842131683483,0.0,0.0,0.0,0.03298842131683483,0.0,0.0,0.0,0.0,0.0,0.0,0.0,0.0,0.0,-0.205803619284768,0.0,0.0,0.03298842131683483,0.0,0.0,0.0,0.0,0.0,0.0,0.0,0.0,0.0,0.0,0.0,0.0,0.0,0.0,0.0,0.0,0.03298842131683483,0.0,0.0,0.0,0.0,0.0,0.0,0.0,0.0,0.0,0.0,0.0006960672232832212,0.0,0.0,0.0,0.0,0.0,0.0,0.0,0.0,0.0,0.0,0.0,0.0,0.0,0.0,0.0,0.0,0.0,0.0,0.0,0.0,0.0,0.03298842131683483,0.0,0.0,0.0,0.0,0.0,0.0,0.0,0.0,0.0,0.0,0.0,0.0,0.0,0.0,0.03298842131683483,0.03298842131683483,0.0,0.0,0.0,0.0,0.0,0.0,0.0,0.0,0.03298842131683483,0.0,0.0,0.0,0.0,0.0,0.0,0.0,0.0,0.0,0.0,0.03298842131683483,0.0,0.0,0.0,0.0,0.0,0.0,0.03298842131683483,0.0,0.0,0.0,0.0,0.0,0.0,0.0,0.0,0.0,0.0,0.0,0.0,0.0,0.0,0.0,0.0,0.0,0.03298842131683483,0.03298842131683483,0.03298842131683483,0.03298842131683483,0.0,0.0,0.0,0.0,0.0,0.0,0.0,0.0,0.0,0.0,0.0,0.0,0.0,0.0,0.0,0.0,0.0,0.0,0.0,0.0,0.0,0.0,0.0,0.0,0.0,0.0,0.0,0.0,0.0,0.0,0.0,0.0,0.0,0.0,0.0,0.0,0.0,0.0,0.0,0.0,0.0,0.0,0.0,0.0,0.0,0.0,0.0,0.0,0.0,0.03298842131683483,0.0,0.0,0.0,0.0,0.0,0.0,0.0,0.0,0.0,0.0,0.0,0.0,0.0,0.0,0.0020991984033600685,0.0,0.0,0.0,0.0,0.03298842131683483,0.0,0.0,0.0,0.0,0.0,0.0,0.0,0.0,0.0,0.0,0.0,0.0,0.0,0.0,0.0,0.0,0.0,0.03298842131683483,0.0,0.0,0.0,0.0,0.0,0.0,0.0,0.03298842131683483,0.0,0.0,0.03298842131683483,0.0,0.0,0.0,0.0,0.0,0.0,0.0,0.03298842131683483,0.0,0.004197950980673581,0.0,0.0,0.0,0.0,0.0,0.0,0.0,0.0,0.0,0.0,0.0,0.0,0.0,0.0,0.0,0.0,0.0,0.0,0.0,0.0,0.0,0.0,0.00015646885805161754,0.0,0.0,0.0,0.0,0.03298842131683483,0.0,0.0,0.0,0.0,0.0,0.0,0.0,0.0,0.0,0.0,0.0,0.0,0.0,0.0
0.0,0.0,0.036188517319560055,0.036188517319560055,0.0,0.0,0.0,0.0,0.0,0.0,0.0,0.0,0.0,0.0,0.0,0.0,0.0,0.0,0.0,0.0,0.0,0.0,0.0,0.036188517319560055,0.0,0.0,0.0,0.0,0.0,0.0,0.0,0.0,0.0,0.0,0.0,0.0,0.0,0.0,0.010352649534030771,0.0,0.0,0.0,0.0,0.0,0.0,0.0,0.0,0.0,0.0,0.0,0.0,0.0,0.036188517319560055,0.0,0.0,0.0,0.0,0.0,0.0,0.0,0.0,0.0,0.0,0.0,0.0,0.036188517319560055,0.0,0.0,0.0,0.0,0.0,0.0,0.0,0.0,0.0,0.0,0.0,0.0,0.0,0.036188517319560055,0.0,0.0,0.0,0.0,0.0,0.0,0.0,0.0,0.0,0.0,0.0,0.0,0.0,0.0,0.0,0.0,0.0,0.0,0.0,0.0,0.036188517319560055,0.0,0.0,0.0,0.0,0.0,0.0,0.0,0.0,0.0,0.0,0.0,0.0,0.0,0.036188517319560055,0.0,0.0,0.0,0.0,0.0,0.0,0.0,0.0,0.0,0.0,0.0,0.0,0.0,0.0,0.0,0.0,0.0,0.0,0.0,0.0,0.0,0.0,0.013042404568300378,0.0,0.0,0.0,0.0,0.0,0.002171360758605199,0.0,0.036188517319560055,0.0,0.0,0.0,0.0,0.0,0.0,0.0,0.0,0.0,0.0,0.0,0.0,0.0,0.0,0.0,0.0,0.0,0.0,0.0,0.0,0.0,0.036188517319560055,0.0,0.0,0.036188517319560055,0.0,0.0,0.0,0.0,0.036188517319560055,0.0,0.0,0.0,0.0,0.0,0.0,0.0,0.0,0.0,0.0,0.0,0.0,0.0,0.0,0.0,0.0,0.0,0.0,0.0,0.0,0.022815896458267697,0.0,0.0,0.0,0.0,0.0,0.0,0.0,0.0,0.0,0.0,0.0,0.0,0.0,0.0,0.0,0.0,0.0,0.0,0.0,0.0,0.0,0.0,0.0,0.0,0.0,0.0,0.0,0.0,0.0,0.0,0.0,0.0,0.0,0.0,0.0,0.0,0.0,0.0,0.0,0.0,0.0,0.0,0.0,0.0,0.0,0.0,0.0,0.02354731003285855,0.0,0.0,0.0,0.0,0.0,0.036188517319560055,0.0,0.0,0.0,0.036188517319560055,0.0,0.0,0.036188517319560055,0.0,0.0,0.0,0.0,0.0,0.0,0.0,0.0,0.0,0.0,0.0,0.0,0.0,0.0,0.0,0.0,0.0,0.0,0.0,0.0,0.0,0.0,0.0,0.0,0.0,0.0,0.0,0.0,0.0,0.0,0.0,0.0,0.0,0.0,0.02354731003285855,0.0,0.0,0.0,0.0,0.0,0.0,0.0,0.0,0.0,0.0,0.0,0.0,0.0,0.0,0.0,0.0,0.036188517319560055,0.0,0.0,0.0,0.01203710161014187,0.0,0.0,0.0,0.0,0.0,0.0,0.0,0.0,0.0,0.0,0.0,0.0,0.0,0.0,0.0,0.0,0.0,0.0,0.0,0.0,0.0,0.0,0.0,0.0,0.0,0.0,0.0,0.0,0.0,0.0,0.036188517319560055,0.0,0.0,0.0,0.0,0.0,0.0,0.0,0.0,0.0,0.036188517319560055,0.0,0.0,0.0,-0.2397771946193733,0.0,0.0,0.0,0.0,0.0,0.0,0.0,0.0,0.036188517319560055,0.0,0.0,0.0,0.0,0.0,0.0,0.0,0.036188517319560055,0.0,0.0,0.0,0.0,0.036188517319560055,0.0,0.0,0.0,0.0,0.0,0.0,0.036188517319560055,0.0,0.0,0.0,0.0,0.0,-0.06022280538064512,0.0,0.0,0.0,0.0,0.0,0.0,0.0,0.036188517319560055,0.0,0.0,0.0,0.0,0.0,0.0,0.0,0.0,0.0,0.0,0.0,0.0,0.036188517319560055,0.0,0.0,0.0,0.0,0.0,0.0,0.0,0.0,0.0,0.0,0.0,0.0,0.0,0.0,0.0,0.036188517319560055,0.036188517319560055,0.0,0.036188517319560055,0.0,0.0,0.036188517319560055,0.0,0.0,0.0,0.0,0.0,0.0,0.02354731003285855,0.0,0.0,0.0,0.0,0.0,0.036188517319560055,0.0,0.0,0.036188517319560055,0.0,0.036188517319560055,0.0,0.0,0.0,0.0,0.02354731003285855,0.0,0.0,0.0,0.02354731003285855,0.0
-0.0008288642488958886,0.0,0.0,0.0,0.0,0.0,0.0,0.0,0.036411148395886994,0.0,0.0,0.0,0.0,0.0,0.0,0.0,0.0,0.0,0.0,0.0,0.0,0.0,-0.0008288642488958886,0.0,0.0,0.036411148395886994,0.0,0.0,-0.0008288642488958886,0.036411148395886994,0.0,0.0,0.0,0.004851686099760147,0.036411148395886994,0.0006668822218162952,0.0,0.0,0.0,0.0,0.0,0.0,0.0,0.036411148395886994,-0.0008288642488958886,0.0,0.0,0.0,0.0,0.0,-0.0008288642488958886,0.0,-0.0008288642488958886,0.0,0.0,0.0,0.0,0.0,0.0,0.0,0.0,0.0,0.0,0.0,0.0,-0.0008288642488958886,0.0,0.0,0.0,0.0,0.0,0.0,-0.03139191912272471,0.0,0.0,-0.0008288642488958886,0.0,-0.0008288642488958886,0.0,0.0,0.0,0.0,0.0,0.0,-0.0008288642488958886,0.0,-0.0008288642488958886,0.0,0.0,0.0,0.0,0.0,0.0,0.036411148395886994,0.0,-0.0008288642488958886,0.0,0.0,0.0,-0.0008288642488958886,0.0,0.0,-0.0008288642488958886,0.0,0.036411148395886994,-0.0008288642488958886,0.0,0.0,-0.0008288642488958886,0.0,0.0,0.0,0.0,0.0,-0.0008288642488958886,0.0,0.0,0.0,0.0,0.0,0.0,-0.0008288642488958886,0.036411148395886994,0.0,0.0,0.0,0.0,0.0,0.0,0.0,0.036411148395886994,0.0,0.0,-0.0008288642488958886,0.0,0.0006668822218162952,0.0,0.0,0.036411148395886994,0.0,-0.03384016820281738,0.0,0.0,0.0,0.0,0.0,0.0,0.0,0.0,0.0,0.0,0.0,-0.0008288642488958886,0.0,0.0,0.0,0.0,0.0,0.0,0.0,0.0,0.0,0.0,0.0,0.0,0.0,0.0,0.0,0.0,-0.0008288642488958886,0.036411148395886994,0.0,0.0,0.0,0.0,0.0,0.0,0.0,0.0,-0.0008288642488958886,0.036411148395886994,0.0,0.0,0.0,0.0,0.0,0.0,0.0,0.0,0.0,0.0,-0.03139191912272471,0.0,0.0,0.0,0.0,0.0,0.0,0.0,0.0,0.036411148395886994,0.0,-0.0008288642488958886,-0.0008288642488958886,0.036411148395886994,0.0,0.0,0.0,0.0,0.0,0.0,0.0,0.0,0.036411148395886994,0.0,0.0,-0.0008288642488958886,0.0,0.0,0.0,-0.0008288642488958886,-0.0008288642488958886,0.036411148395886994,0.0,0.0,0.0,0.0,0.0,0.0,0.0,-0.03139191912272471,0.0,-0.0008288642488958886,-0.0008288642488958886,0.0,0.0,0.0,0.0,0.0,0.0,0.0,0.0,0.0,0.0,-0.0008288642488958886,0.0,0.0,0.0,-0.0008288642488958886,0.0,0.0,0.0,0.0,0.0,0.0,0.0,0.0,0.0,0.0,0.0,0.0,0.0,0.0,-0.03139191912272471,-0.0008288642488958886,0.0,0.0,0.0,0.036411148395886994,-0.0008288642488958886,0.0,0.0,0.0,-0.0008288642488958886,0.0,0.0,0.0,0.0,0.0,-0.0008288642488958886,0.0,-0.0008288642488958886,-0.0008288642488958886,0.0,0.0,0.0,0.0,0.0,0.0,0.0,0.0,-0.0008288642488958886,0.036411148395886994,-0.0008288642488958886,0.0,0.0,-0.0008288642488958886,0.0,0.0,0.0,0.0,-0.0008288642488958886,0.0,0.0,0.0,0.0,0.0,0.036411148395886994,0.009450993463520895,0.0,0.0,0.0006668822218162952,0.0,0.036411148395886994,-0.0008288642488958886,0.0,-0.0008288642488958886,0.0,0.0,0.0,0.0,0.0,0.0,0.0,0.0,0.0,0.0,0.0,-0.03139191912272471,0.0,0.0,0.0,0.0,0.0,0.0,0.0,0.0,0.0,-0.0008288642488958886,0.0,0.0,0.0,-0.03139191912272471,-0.0008288642488958886,0.0,0.036411148395886994,0.0,0.0,0.0,0.0,0.0,-0.03139191912272471,0.0,0.0,0.0,-0.0008288642488958886,0.0,0.0,0.0,0.0,0.0,0.0,0.0,0.036411148395886994,-0.0008288642488958886,0.0,0.0,0.0,0.0,0.0,0.0,0.0,-0.0008288642488958886,0.0,0.0,0.0,0.0,0.0,0.0,0.0,0.0,0.0,0.0,0.0,0.036411148395886994,0.036411148395886994,0.0,0.036411148395886994,0.0,0.0,0.0,0.036411148395886994,0.0,0.0,0.0,0.036411148395886994,0.036411148395886994,0.0,0.036411148395886994,0.0,0.0,0.0,0.0,0.036411148395886994,0.0,0.0006668822218162952,0.0,0.0006668822218162952,-0.0008288642488958886,0.0,0.0,0.0,0.0,-0.0008288642488958886,0.0,0.036411148395886994,0.0,0.0,0.036411148395886994,0.0,0.0,0.0,0.0,0.0016336005946004702,0.0,0.0,-0.0008288642488958886,0.0,0.0,0.0,0.0,0.0,0.0,0.005672232655176272,0.036411148395886994,0.0,-0.0008288642488958886,-0.0008288642488958886,0.0,0.0,0.0,-0.0008288642488958886,0.0,0.0,0.0,-0.0008288642488958886,0.0,0.0,0.0,0.0006668822218162952,0.0,0.0,0.0,0.0,0.0,0.0,0.0,0.0,0.0,0.036411148395886994,0.0,-0.0008288642488958886,0.0,0.036411148395886994,0.0
0.0,0.0,0.0,0.0,0.0,0.0,0.0,0.0,0.033919774768463154,0.0,0.0,0.0,0.0,0.033919774768463154,0.0,0.0,0.0,0.0,0.033919774768463154,0.033919774768463154,0.033919774768463154,0.0,0.0,0.0,0.0,0.0,0.0,0.033919774768463154,0.0,0.033919774768463154,0.0,0.0,0.0,0.0,0.0,0.0,0.0,0.0,0.0,0.0,0.0,0.0,0.0,0.0,0.0,0.0,0.0,0.0,0.0,0.0,0.0,0.0,0.0,0.0,0.0,0.0,0.0,0.0,0.0,0.0,0.0,0.0,0.0,0.0,0.033919774768463154,0.0,0.0,0.0,0.0,0.0009440084561246867,0.0,0.001708335414563149,0.0,0.033919774768463154,0.0,0.0,0.0,0.0,0.0,0.0,0.0,0.0,0.0,0.0,0.0,0.0,0.0,0.033919774768463154,0.0,0.0,0.0,0.0,0.0,0.033919774768463154,0.0,0.0,0.0,0.0,0.0,0.0,0.0,0.0,0.0,0.0,0.0,0.0,0.0,0.0,0.0,0.0,0.033919774768463154,0.0,0.0,0.0,0.0,0.0,0.0,0.033919774768463154,0.0,0.0,0.0,0.0,0.0,0.0,0.0,0.0,0.008159725064962885,0.0,0.001148721356390388,0.0,0.0,0.0,0.0,0.0,0.0,0.033919774768463154,0.0,0.0,0.0,0.0,0.0,0.0,0.0,0.0,0.0,0.0,0.0,0.0,0.0,0.0,0.0,0.0,0.0,0.0,0.007746135027104877,0.0,0.0,0.0,0.0,0.001032286056041553,0.0,0.0,0.0,0.0,0.0,0.0,0.0,0.0,0.0,0.0,0.0,0.0,0.0009440084561246867,0.0,0.0,0.0,0.0,0.0,0.0,0.0,0.0,0.0,0.0,0.0,0.0,0.0,0.0,0.0,0.0,0.0,0.0,0.033919774768463154,0.001005193680066657,0.0,0.0,0.0,0.0,0.0,0.0,0.033919774768463154,0.0,0.0,0.0,0.0,0.0,0.0,0.0,0.0,0.0,0.0,0.0,0.0,0.033919774768463154,0.0,0.0,0.0,0.0,0.0,0.0,0.0,0.0,0.0,0.0,0.0040804652604247696,0.0,0.0,0.0,0.0,0.0,0.0,0.0,0.0,0.0,0.0,0.0,0.0,0.0,0.0,0.0,0.0,0.0,0.033919774768463154,0.0,0.0,0.0,0.0,0.0,0.0,0.0,0.0,0.0,0.0,0.0,0.0,0.0,0.0,0.0,0.033919774768463154,0.0,0.0,0.0,0.0,0.0,0.0,0.0,0.0,0.0,0.0,0.009933337151668387,0.0,0.0,0.0,0.0,0.0,0.0,0.0,0.0,0.0,0.0,-0.15545375975238007,0.0,0.0,0.0,0.0,0.033919774768463154,0.0,0.0,0.0,0.0,0.0,0.0,0.0,0.033919774768463154,0.0,0.0,-0.1445462402476455,0.0,0.0,0.0,0.0,0.0,0.0,0.0,0.0,0.0,0.0,0.0,0.0,0.0,0.0,0.0,0.0,0.0,0.0,0.0,0.033919774768463154,0.0,0.0,0.033919774768463154,0.0,0.0,0.0,0.033919774768463154,0.033919774768463154,0.033919774768463154,0.0,0.0,0.0,0.0,0.0009440084561246867,0.0,0.0,0.0,0.0,0.0,0.0,0.0,0.0,0.0,0.033919774768463154,0.0,0.0,0.0,0.0,0.0,0.0,0.0,0.0,0.0,0.0,0.0,0.0,0.033919774768463154,0.0,0.0,0.0,0.0,0.0,0.033919774768463154,0.0,0.0,0.0,0.0,0.0,0.0,0.033919774768463154,0.0,0.0,0.0,0.0,0.0,0.0,0.0,0.0,0.0,0.0,0.0,0.0,0.0,0.0,0.0,0.0,0.0,0.033919774768463154,0.0,0.0,0.0,0.0,0.0,0.0,0.0,0.0,0.0,0.0,0.0,0.0,0.0073221091872668715,0.0,0.0,0.0,0.0,0.0,0.0,0.0,0.0,0.0,0.0,0.033919774768463154,0.0,0.0,0.0,0.033919774768463154,0.0,0.0,0.0,0.0,0.0,0.0,0.0,0.0,0.0,0.0,0.0,0.0,0.0,0.0,0.0,0.0,0.0,0.0,0.0,0.0,0.033919774768463154,0.0,0.0,0.033919774768463154,0.0,0.033919774768463154,0.0,0.0,0.0,0.0,0.0,0.0,0.0,0.0,0.0,0.0,0.0,0.0,0.033919774768463154,0.0,0.0,0.0,0.0,0.0,0.0,0.0,0.0,0.0,0.0,0.0,0.0,0.0,0.0
0.0,0.0,0.0,0.0,0.0,0.0,0.0,0.0,0.03442348247486595,0.0,0.0,0.0,0.03442348247486595,0.0,0.0,0.0,0.0,0.0,0.0,0.0,0.0,0.0,0.0,0.0,0.0,0.0,0.0,0.0,0.0,0.03442348247486595,0.0,0.0,0.0,0.0,0.0,0.0,0.0,0.0,0.0,0.0,0.0,0.0,0.0,0.0,0.0,0.0,0.0,0.0,0.0,0.0,0.03442348247486595,0.03442348247486595,0.0,0.0,0.0,0.0,0.0,0.0,0.0,0.0,0.0,0.0,0.0,0.0,0.0,0.0,0.0,0.0,0.0,0.00421855477270309,0.03442348247486595,0.0,0.0,0.0,0.0,0.0,0.0,0.0,0.0,0.0,0.0,0.03442348247486595,0.0,0.0,0.0,0.0,0.0,0.0,0.0,0.0,0.0,0.0,0.0,0.0,0.0,0.0,0.0,0.0,0.0,0.0,0.0,0.03442348247486595,0.0,0.0,0.0,0.0,0.0,0.0,0.0,0.0,0.0,0.03442348247486595,0.0,0.0,0.0,0.0,0.0,0.03442348247486595,0.0,0.03442348247486595,0.0,0.0,0.0,0.0,0.0,0.0,0.0,0.0,0.0,0.0,0.0,0.0,0.0,0.0,0.0,0.0,0.0,0.0,0.03442348247486595,0.0,0.0,0.0,0.001955987409860034,0.0,0.0,0.0,0.0,0.03442348247486595,0.0,0.0,0.0,0.0,0.0,0.03442348247486595,0.0,0.0,0.0,0.0,0.0,0.0,0.0,0.0,-0.14184556320669536,0.0,0.03442348247486595,0.0,0.0,0.0,0.0,0.0,0.0,0.0,0.0,0.0,0.03442348247486595,0.0,0.0,0.0,0.0,0.0,0.0,0.0,0.0,0.0,0.03442348247486595,0.0,0.0,0.0,0.0,0.0,0.0,0.0,0.0,0.0,0.0,0.0,0.006373953185607336,0.0,0.0,0.0,0.0,0.0,0.0,0.0,0.0,0.0,0.0,0.0,0.0,0.0,0.0,0.0,0.0,0.0,0.0,0.0,0.0,0.0,0.03442348247486595,0.0,0.0,0.0,0.0,0.0,0.0,0.0,0.0,0.0,0.0,0.0,0.0,0.0,0.0,0.0,0.0,0.0,0.0,0.0,0.0,0.0,0.0,0.0,0.0,0.0,0.0,0.0,0.0,0.0,0.0,0.0,0.03442348247486595,0.0,0.0,0.0,0.0,0.0,0.0,0.0,0.0,0.0,0.0,0.0,0.0,0.0,0.0,0.0,0.0,0.03442348247486595,0.0,0.0,0.0,0.0,0.0,0.0,0.0,0.0,0.0,0.0,0.0,0.0,0.0,0.0,0.0,0.0,0.0,0.0,0.0,0.0,0.0,0.03442348247486595,0.0,0.0,0.03442348247486595,0.0,0.0,0.0,0.0,0.0,0.0,0.0,0.03442348247486595,0.0,0.0,0.0,0.0,0.0,0.0021586533031362023,0.0,0.0,0.03442348247486595,0.03442348247486595,0.0,0.0,0.0,0.0,0.0,0.0,0.007448402851485139,0.0,0.0,0.0,0.0,0.0,0.03442348247486595,0.0,0.0,0.0,0.0,0.0,0.03442348247486595,0.0,0.0,0.0,0.0,0.0,0.0,0.0,0.0,0.0,0.0,0.0,0.0,0.0,0.0,0.0,0.0,0.0,0.0,0.0,0.0,0.0,0.0,0.0,0.0,0.03442348247486595,0.0,0.0,0.0,0.0,0.0,-0.07907721839666867,0.0,0.0,0.0,0.0,0.03442348247486595,0.0,0.0,0.0,0.0,0.0,0.0,0.0,0.0,0.0,0.0,0.0,0.0,0.0,0.0,0.0,0.0,0.0,0.0,0.0,0.0,0.0,0.0,0.0,0.0,0.03442348247486595,0.0,0.0,0.0,0.0,0.03442348247486595,0.03442348247486595,0.0,0.03442348247486595,0.0,0.0,0.0,0.0,0.0,0.0,0.03442348247486595,0.0,0.0,0.0,0.0,0.0,0.0,0.0,0.0,0.004147505063791297,0.0,0.0,0.0,0.0,0.0,0.0,0.0,0.0,0.0,0.0,0.0,0.0,0.0,0.0,0.0,0.0,0.0,0.03442348247486595,0.0,0.0,0.0,0.0,0.0,0.0,0.0,0.0,0.0,0.03442348247486595,0.0,0.0,2.8091843377098e-05,-0.07907721839666867,0.0,0.0,0.0,0.0,0.03442348247486595,0.0,0.0,0.0,0.0,0.0,0.0,0.0,0.0,0.0,0.0,0.0,0.0,0.0
