Trimestre,A,AAL,AAP,AAPL,ABC,ABMD,ABT,ACN,ADBE,ADI,ADM,ADP,ADSK,AEE,AEP,AES,AFL,AIG,AIV,AIZ,AJG,AKAM,ALB,ALGN,ALK,ALL,ALXN,AMAT,AMCR,AMD,AME,AMGN,AMP,AMT,AMZN,ANSS,ANTM,AON,AOS,APA,APD,APH,APTV,ARE,ATO,ATVI,AVB,AVGO,AVY,AWK,AXP,AZO,BA,BAC,BAX,BBY,BDX,BEN,BIIB,BIO,BK,BKNG,BKR,BLK,BLL,BMY,BR,BSX,BWA,BXP,C,CAG,CAH,CAT,CB,CBOE,CBRE,CCI,CCL,CDNS,CE,CERN,CF,CHD,CHRW,CHTR,CI,CINF,CL,CLX,CMA,CMCSA,CME,CMG,CMI,CMS,CNC,CNP,COF,COG,COO,COP,COST,CPB,CPRT,CRM,CSCO,CSX,CTAS,CTSH,CTXS,CVS,CVX,CXO,D,DAL,DD,DE,DFS,DG,DGX,DHI,DHR,DIS,DISCA,DISCK,DISH,DLR,DLTR,DOV,DPZ,DRE,DRI,DTE,DUK,DVA,DVN,DXC,DXCM,EA,EBAY,ECL,ED,EFX,EIX,EL,EMN,EMR,EOG,EQIX,EQR,ES,ESS,ETN,ETR,EVRG,EW,EXC,EXPD,EXPE,EXR,F,FANG,FAST,FB,FBHS,FCX,FDX,FE,FFIV,FIS,FISV,FITB,FLIR,FLS,FLT,FMC,FRC,FRT,FTI,FTNT,GD,GE,GILD,GIS,GL,GLW,GM,GOOG,GOOGL,GPC,GPN,GPS,GRMN,GS,GWW,HAL,HAS,HBAN,HBI,HCA,HD,HES,HFC,HIG,HII,HOLX,HON,HPQ,HRL,HSIC,HST,HSY,HUM,IBM,ICE,IDXX,IEX,IFF,ILMN,INCY,INTC,INTU,IP,IPG,IPGP,IRM,ISRG,IT,ITW,IVZ,J,JBHT,JCI,JKHY,JNJ,JNPR,JPM,K,KEY,KIM,KLAC,KMB,KMI,KMX,KO,KR,KSU,L,LB,LDOS,LEG,LEN,LH,LHX,LIN,LKQ,LLY,LMT,LNC,LNT,LOW,LRCX,LUV,LVS,LYB,LYV,MA,MAA,MAR,MAS,MCD,MCHP,MCK,MCO,MDLZ,MDT,MET,MGM,MHK,MKC,MKTX,MLM,MMC,MMM,MNST,MO,MOS,MPC,MRK,MRO,MS,MSCI,MSFT,MSI,MTB,MTD,MU,MXIM,MYL,NDAQ,NEE,NEM,NFLX,NI,NKE,NLSN,NOC,NOV,NOW,NRG,NSC,NTAP,NTRS,NUE,NVDA,NVR,NWL,O,ODFL,OKE,OMC,ORCL,ORLY,OXY,PAYX,PBCT,PCAR,PEAK,PEG,PEP,PFE,PFG,PG,PGR,PH,PHM,PKG,PKI,PLD,PM,PNC,PNR,PNW,POOL,PPG,PPL,PRGO,PRU,PSA,PSX,PVH,PWR,PXD,QCOM,RCL,RE,REG,REGN,RF,RHI,RJF,RL,RMD,ROK,ROL,ROP,ROST,RSG,RTX,SBAC,SBUX,SCHW,SEE,SHW,SIVB,SJM,SLB,SLG,SNA,SNPS,SO,SPG,SPGI,SRE,STE,STT,STX,STZ,SWK,SWKS,SYK,SYY,T,TAP,TDG,TDY,TEL,TER,TFC,TFX,TGT,TIF,TJX,TMO,TMUS,TPR,TROW,TRV,TSCO,TSN,TT,TTWO,TXN,TXT,TYL,UAA,UAL,UDR,UHS,ULTA,UNH,UNM,UNP,UPS,URI,USB,V,VAR,VFC,VLO,VMC,VNO,VRSK,VRSN,VRTX,VTR,VZ,WAB,WAT,WBA,WDC,WEC,WELL,WFC,WHR,WLTW,WM,WMB,WMT,WRB,WST,WU,WY,WYNN,XEL,XLNX,XOM,XRAY,XRX,XYL,YUM,ZBH,ZBRA,ZION
20150101,0,3.50E-10,7.68E-10,9.37E-10,0.058178343,9.06E-10,3.07E-10,0,6.06E-11,0,9.61E-10,5.23E-10,0,1.44E-09,1.33E-09,6.11E-11,0,0,9.93E-10,6.50E-10,1.30E-10,0,0,0,0,8.44E-10,0,2.69E-10,0.089154062,0,0,2.15E-10,0,3.83E-10,0,0,9.83E-10,3.57E-10,0,0,4.41E-10,0,0,8.65E-10,1.21E-09,1.38E-10,8.53E-10,9.26E-10,0,1.31E-09,0,8.26E-10,3.92E-10,0,8.79E-12,0.001785018,1.04E-09,0,0,0,0,0,0,0,3.21E-10,5.86E-10,6.59E-10,6.88E-10,0,5.56E-10,0,7.55E-10,6.03E-10,0,4.81E-10,1.15E-09,0,1.27E-10,0,0,0,0,1.52E-10,6.33E-10,0,1.24E-09,6.33E-10,1.91E-10,5.67E-10,1.26E-09,0,8.14E-11,6.35E-10,1.26E-09,0,1.29E-09,0.004205969,4.37E-10,0,0,0,2.30E-10,5.87E-10,3.76E-10,0,0,4.22E-10,4.76E-10,1.10E-09,0,0,1.24E-09,1.94E-10,0,1.25E-09,7.48E-11,0,3.74E-10,0,3.60E-10,2.47E-10,0,0,3.38E-10,0,0,7.66E-10,4.99E-10,7.39E-10,0,6.26E-10,2.46E-10,0,1.34E-09,1.49E-09,1.82E-10,0,0,0.037623877,0.031992046,0,5.80E-11,1.33E-09,6.13E-11,1.43E-09,0,0,0,0,0,8.40E-10,1.23E-09,9.98E-10,0,3.07E-05,1.26E-09,1.22E-10,1.29E-09,0,0,7.20E-10,0,1.13E-09,0,8.64E-11,0,0,3.34E-11,8.47E-10,0,3.57E-10,2.88E-10,0,0,0,4.68E-10,0,4.17E-10,6.81E-10,0,0,6.18E-10,0,5.92E-10,6.49E-10,1.50E-10,0,0,0,0,3.17E-10,0,0,0,0,0,0,5.46E-10,0,0.127748623,1.06E-09,8.67E-10,1.54E-10,0,0,1.11E-09,0,0,0.049211012,6.34E-10,3.34E-10,0,6.81E-10,0.02841495,0,4.19E-10,4.75E-10,0,0,9.16E-11,0.006069299,6.25E-10,1.48E-10,0,2.76E-10,0,5.26E-10,0,8.42E-11,1.88E-10,0,0,0,1.85E-10,4.67E-11,6.96E-10,0,0,3.59E-10,0,3.27E-10,0,9.13E-10,1.29E-10,0,8.23E-10,0.1720589,0,0,4.82E-10,6.70E-10,0,0,2.15E-10,0,0,0,5.51E-10,0.061330962,0,1.07E-09,6.84E-10,4.79E-11,0.202724483,0,0,8.49E-10,0,6.64E-10,5.33E-10,0,5.13E-10,0,6.21E-10,0,2.03E-10,5.93E-10,0,0,0,2.11E-10,1.87E-11,0,5.24E-10,8.07E-10,1.10E-09,1.32E-09,0,0,5.40E-10,0,0,0,9.57E-10,7.88E-11,1.07E-10,0,0.083110509,0,1.72E-10,5.80E-10,1.33E-09,0,0.023970813,1.19E-09,3.26E-10,2.48E-10,1.02E-09,0,0,1.82E-10,1.07E-11,2.06E-11,0,0,0,3.64E-10,4.65E-10,8.46E-10,1.82E-10,0,3.11E-10,0,1.24E-09,1.33E-10,5.48E-10,5.55E-10,0,8.33E-10,1.14E-09,1.09E-09,3.63E-10,0,1.16E-09,3.05E-10,0,0,1.03E-10,0,0,2.04E-10,1.91E-10,0,1.04E-09,2.01E-11,0,1.26E-09,1.48E-10,0,6.52E-10,0,0,0,0,0,0,7.73E-10,4.10E-10,0,0,0,0,0,1.81E-10,0,3.37E-10,0,5.63E-10,6.50E-10,2.96E-12,8.73E-10,0,0,2.98E-10,2.37E-10,3.45E-10,0,0,8.06E-10,0,0,1.29E-09,4.30E-10,0,1.23E-09,5.14E-10,0,2.24E-10,0.022390375,0,5.91E-10,6.53E-10,3.58E-10,4.07E-10,5.79E-10,1.20E-09,0,0,0,0,8.35E-10,3.29E-10,2.90E-10,2.54E-10,2.98E-10,1.60E-10,0,0,7.56E-10,1.32E-10,1.14E-09,0,1.94E-10,0,0,1.54E-10,0,0,7.92E-10,8.88E-10,0,1.07E-09,0,5.46E-10,3.59E-10,0,5.38E-10,1.15E-10,0,8.55E-10,0,0,6.99E-10,0,0,0,9.48E-10,4.14E-10,0,0,4.85E-10,6.74E-10,1.43E-09,1.18E-09,5.66E-10,0,4.57E-10,8.27E-10,2.74E-10,8.60E-10,5.36E-10,3.91E-10,0,0,0,1.25E-09,0,1.95E-10,0,1.38E-10,0,0,4.37E-10,1.59E-10,0
20150401,2.44E-10,6.22E-10,1.40E-09,9.18E-10,0.047448392,1.94E-09,5.66E-10,1.67E-11,1.59E-11,2.19E-10,2.16E-09,8.69E-10,2.70E-10,2.66E-09,2.47E-09,3.57E-10,9.37E-11,1.35E-10,1.81E-09,1.64E-09,2.32E-10,3.29E-10,3.43E-10,1.20E-10,1.28E-10,1.66E-09,4.67E-10,1.45E-10,0.098832407,5.15E-10,1.75E-10,9.98E-12,1.18E-10,5.37E-10,3.95E-10,2.69E-10,1.63E-09,6.70E-10,1.51E-10,1.48E-10,8.96E-10,7.00E-11,3.99E-11,1.49E-09,2.39E-09,5.39E-10,1.69E-09,1.31E-09,1.17E-10,2.55E-09,2.37E-11,1.66E-09,8.25E-10,1.59E-10,6.40E-11,1.86E-09,2.08E-09,3.92E-10,4.99E-11,3.48E-11,2.55E-11,8.64E-11,3.22E-10,2.25E-10,7.27E-10,1.35E-09,1.19E-09,1.10E-09,3.52E-10,9.26E-10,3.00E-10,1.35E-09,1.07E-09,1.19E-10,9.11E-10,0.003456785,1.99E-11,4.38E-11,2.51E-10,4.99E-11,2.44E-10,1.15E-10,3.46E-10,1.27E-09,5.03E-11,0.001944988,1.09E-09,3.01E-10,1.02E-09,2.46E-09,8.20E-11,3.28E-10,1.34E-09,2.36E-09,2.21E-10,2.39E-09,0.006991027,4.55E-10,7.38E-11,1.80E-11,2.22E-10,3.44E-10,1.25E-09,7.99E-10,1.07E-10,5.98E-10,4.64E-10,1.01E-09,2.08E-09,1.61E-10,3.05E-10,2.40E-09,3.21E-10,1.39E-10,2.30E-09,4.39E-10,1.56E-10,7.35E-10,1.04E-11,6.49E-10,1.92E-10,4.02E-10,1.53E-11,8.12E-10,2.59E-10,1.62E-10,9.19E-10,9.67E-10,1.70E-09,1.77E-10,1.02E-09,6.04E-10,1.59E-11,2.64E-09,2.93E-09,4.84E-10,7.16E-11,3.62E-10,0.041996843,0.037287183,3.19E-10,1.89E-10,2.52E-09,2.71E-10,2.83E-09,2.52E-11,3.06E-10,1.47E-10,3.38E-11,2.33E-10,1.46E-09,2.40E-09,1.77E-09,3.05E-10,2.99E-09,2.27E-09,6.22E-11,2.55E-09,2.03E-10,5.16E-10,1.60E-09,2.84E-10,0.007118771,3.23E-10,1.67E-10,2.83E-10,3.66E-10,3.79E-10,1.45E-09,2.27E-10,7.13E-10,4.74E-10,1.17E-10,1.90E-10,2.31E-10,7.87E-10,2.59E-10,4.94E-10,1.15E-09,7.21E-11,3.73E-10,1.53E-09,2.75E-11,1.71E-09,1.46E-09,4.16E-10,9.01E-11,3.24E-10,7.39E-11,7.46E-11,3.83E-10,6.36E-11,1.08E-10,1.27E-10,1.56E-10,1.03E-10,2.42E-10,1.19E-09,8.35E-11,0.129068008,2.40E-09,1.23E-09,4.24E-10,1.44E-10,6.16E-11,2.35E-09,1.33E-10,1.49E-11,0.056601607,1.50E-09,4.98E-10,7.00E-11,1.45E-09,2.38E-09,9.11E-11,6.73E-10,7.36E-10,7.42E-11,5.21E-11,1.45E-10,0.0105297,1.00E-09,4.78E-12,1.42E-10,5.21E-10,2.71E-10,1.10E-09,1.88E-10,2.47E-10,4.16E-10,3.56E-10,2.78E-10,3.36E-11,4.46E-10,1.12E-11,1.26E-09,1.50E-10,8.75E-11,9.55E-10,1.65E-10,6.71E-10,5.52E-11,1.85E-09,4.90E-10,1.71E-10,1.59E-09,0.179836741,3.87E-10,1.46E-10,8.86E-10,8.26E-10,2.95E-12,4.08E-10,3.96E-10,9.90E-12,5.29E-12,3.13E-10,1.04E-09,0.02565767,1.12E-10,2.05E-09,9.92E-10,4.38E-11,0.159577242,3.70E-10,1.76E-10,1.29E-09,9.19E-11,1.24E-09,8.19E-10,3.63E-10,9.23E-10,2.97E-10,1.21E-09,4.74E-11,6.24E-10,9.64E-10,2.21E-10,2.83E-10,1.77E-10,3.60E-10,5.84E-11,3.89E-10,9.68E-10,1.40E-09,1.42E-09,2.51E-09,2.57E-10,4.15E-11,1.10E-09,1.95E-10,8.39E-11,6.80E-11,1.25E-09,7.69E-11,1.38E-11,2.41E-10,0.085184256,2.86E-10,5.11E-11,1.39E-09,2.26E-09,2.52E-10,0.020225728,2.21E-09,7.82E-10,3.31E-10,2.10E-09,4.18E-11,4.57E-10,3.47E-10,1.03E-10,1.43E-11,7.65E-11,1.67E-10,1.58E-10,9.40E-10,1.04E-09,1.90E-09,9.09E-10,6.56E-11,7.75E-10,4.22E-11,2.02E-09,2.75E-10,7.39E-10,8.98E-10,1.41E-10,2.00E-09,2.12E-09,1.95E-09,8.29E-10,1.44E-10,2.08E-09,5.15E-10,2.15E-10,5.19E-10,9.79E-11,1.36E-10,3.68E-11,3.85E-10,1.36E-10,1.94E-10,2.06E-09,1.29E-11,3.28E-11,2.32E-09,1.56E-11,1.80E-10,1.10E-09,1.63E-10,1.73E-10,4.49E-10,1.87E-10,1.47E-11,1.32E-10,1.47E-09,8.72E-10,1.50E-10,2.11E-10,1.12E-10,2.33E-10,5.98E-11,3.52E-10,2.41E-10,7.61E-10,7.12E-11,1.50E-09,1.41E-09,1.27E-10,1.39E-09,1.95E-11,1.72E-10,4.95E-10,2.75E-10,3.18E-10,4.07E-12,1.91E-11,1.70E-09,4.52E-12,6.04E-11,2.50E-09,8.40E-10,4.58E-11,2.29E-09,8.86E-10,1.04E-10,6.43E-10,0.088242647,2.61E-11,7.44E-10,1.09E-09,6.68E-10,9.43E-10,1.00E-09,2.70E-09,7.10E-11,1.01E-11,5.00E-10,1.73E-11,1.66E-09,5.80E-10,2.06E-10,5.57E-10,5.24E-10,3.24E-10,3.01E-10,2.00E-10,1.27E-09,8.67E-11,2.49E-09,1.28E-10,1.12E-09,2.19E-11,3.41E-10,1.85E-11,8.08E-11,3.98E-10,1.49E-09,2.16E-09,1.15E-10,1.52E-09,3.32E-11,5.11E-10,9.74E-10,4.34E-10,6.73E-10,3.63E-10,8.40E-11,1.58E-09,4.49E-11,3.67E-10,1.49E-09,8.75E-11,9.65E-11,4.33E-11,1.73E-09,7.60E-10,3.64E-11,2.37E-10,1.24E-09,1.31E-09,2.61E-09,2.52E-09,7.29E-10,2.78E-11,8.74E-10,1.89E-09,7.05E-10,1.34E-09,9.47E-10,7.07E-10,7.85E-11,1.26E-10,2.59E-10,2.42E-09,2.21E-10,4.55E-10,6.08E-11,2.60E-10,1.54E-10,1.99E-10,9.18E-10,4.58E-10,2.22E-10
20150701,1.17E-09,2.10E-10,3.35E-10,1.24E-10,0.004150915,0.008409491,6.66E-11,1.08E-11,4.75E-10,1.12E-09,8.56E-10,2.14E-10,1.38E-09,1.11E-09,9.71E-10,1.66E-10,5.97E-10,3.50E-10,4.82E-10,7.15E-10,9.33E-11,1.85E-09,1.61E-09,5.20E-10,3.26E-10,6.66E-10,2.52E-09,1.24E-11,0.128361863,2.67E-09,7.30E-10,1.80E-10,2.84E-10,2.66E-10,1.85E-09,1.22E-09,6.10E-10,2.22E-10,2.24E-10,7.46E-10,1.71E-10,1.44E-10,1.17E-10,5.73E-10,9.00E-10,7.48E-11,4.89E-10,3.77E-10,1.91E-10,9.94E-10,1.88E-10,5.64E-10,3.23E-10,5.79E-10,4.46E-11,7.96E-10,7.16E-10,1.63E-09,8.03E-10,3.68E-10,1.13E-10,3.31E-10,1.05E-10,5.72E-10,1.81E-10,4.23E-10,4.52E-10,2.94E-10,1.47E-09,3.05E-10,1.20E-09,5.68E-10,3.03E-10,6.63E-10,3.52E-10,0.047472021,5.93E-11,7.13E-11,1.44E-09,4.83E-10,6.83E-10,6.43E-10,1.61E-11,4.74E-10,4.91E-10,0.013368465,3.99E-10,1.30E-10,4.04E-10,9.69E-10,1.32E-10,5.49E-11,5.07E-10,8.67E-10,9.63E-10,8.90E-10,0.01209489,2.13E-10,2.27E-10,2.50E-10,1.73E-10,1.30E-10,3.63E-10,3.20E-10,4.41E-10,2.68E-09,6.80E-11,2.49E-10,7.12E-10,1.18E-09,1.63E-09,9.11E-10,1.62E-10,6.86E-10,8.96E-10,5.46E-10,7.52E-10,3.48E-10,1.56E-10,1.66E-10,5.02E-12,1.34E-09,7.82E-11,3.55E-10,1.03E-09,8.19E-10,2.00E-10,2.59E-10,5.53E-10,4.19E-10,5.65E-10,2.80E-10,9.95E-11,9.58E-10,1.09E-09,2.13E-10,3.90E-10,1.95E-10,0.037109719,0.043846478,1.76E-09,2.99E-11,9.70E-10,1.47E-11,1.05E-09,1.60E-10,1.22E-09,4.24E-10,4.43E-11,1.16E-09,4.87E-10,1.00E-09,5.03E-10,1.24E-09,1.13E-09,9.46E-10,6.00E-10,9.69E-10,7.90E-10,2.71E-09,5.51E-10,1.16E-09,0.011853544,1.39E-09,6.61E-11,8.46E-10,1.24E-09,2.45E-10,4.42E-10,1.38E-09,2.57E-10,1.49E-10,4.88E-10,7.79E-10,8.78E-10,3.63E-10,1.13E-09,2.85E-10,3.47E-10,1.98E-10,2.32E-09,5.76E-10,1.79E-10,5.73E-10,5.18E-10,2.20E-10,2.30E-10,1.62E-09,6.41E-10,6.70E-10,1.14E-10,3.04E-10,5.03E-10,6.53E-10,6.45E-10,3.76E-10,9.82E-10,3.59E-10,3.64E-10,0.100233072,0.013954093,2.62E-10,3.03E-10,7.32E-10,6.58E-11,8.23E-10,2.56E-11,2.15E-11,0.069268547,5.35E-10,8.56E-11,3.47E-10,6.13E-10,7.17E-10,5.04E-10,4.69E-10,1.16E-10,1.59E-10,3.28E-10,1.49E-10,0.008635976,3.28E-10,1.69E-10,5.98E-10,2.35E-10,1.45E-09,3.85E-11,1.19E-09,1.34E-10,2.02E-10,1.38E-09,1.29E-09,1.48E-10,1.51E-10,3.51E-11,3.93E-10,8.18E-10,3.68E-10,4.01E-10,6.62E-10,1.93E-10,3.76E-10,6.98E-10,2.97E-10,5.51E-10,6.37E-10,0.210347952,1.63E-09,7.39E-10,5.47E-11,8.47E-11,4.07E-11,1.38E-09,2.58E-11,5.24E-11,9.31E-11,1.24E-09,4.17E-10,0.022324755,3.51E-10,8.27E-10,2.62E-10,3.17E-10,0.092231606,1.67E-09,5.93E-10,4.06E-10,4.62E-10,3.07E-10,3.60E-10,1.33E-09,3.34E-10,1.53E-09,4.28E-10,3.77E-11,2.94E-10,2.11E-10,8.83E-10,1.09E-09,5.00E-10,1.35E-10,4.24E-10,1.77E-09,3.25E-10,5.18E-10,6.41E-10,8.77E-10,1.23E-09,2.57E-11,4.25E-10,5.30E-10,7.50E-11,2.61E-10,3.97E-10,1.91E-10,1.06E-10,7.79E-10,0.070728909,1.48E-09,6.39E-10,4.35E-10,8.52E-10,1.01E-09,0.028932547,7.78E-10,3.01E-10,7.61E-12,7.05E-10,8.63E-12,2.88E-09,8.29E-11,1.16E-11,1.18E-10,4.21E-10,7.85E-10,6.68E-10,4.92E-10,3.11E-10,7.60E-10,4.24E-10,1.81E-10,3.29E-10,2.40E-10,5.51E-10,1.20E-10,1.82E-10,3.46E-10,5.50E-10,7.48E-10,7.55E-10,6.63E-10,1.69E-10,5.77E-10,7.90E-10,1.43E-10,9.50E-10,1.61E-09,1.51E-10,6.35E-10,2.93E-10,1.44E-10,1.17E-10,6.07E-10,7.76E-10,1.03E-11,2.17E-10,7.83E-10,5.30E-10,7.54E-10,2.57E-10,4.27E-10,4.03E-10,2.05E-09,7.14E-10,3.47E-10,7.82E-10,5.49E-10,2.79E-10,7.73E-10,7.83E-10,6.68E-10,8.82E-10,3.18E-10,1.73E-10,8.73E-10,3.84E-10,3.33E-10,5.07E-10,5.96E-10,1.12E-10,4.81E-10,2.19E-10,6.33E-10,3.13E-10,1.13E-10,9.29E-11,1.09E-10,4.00E-11,6.41E-10,4.80E-11,4.96E-10,9.89E-10,3.22E-10,5.02E-10,8.31E-10,4.04E-10,2.87E-10,2.88E-10,0.07667518,5.63E-11,1.30E-10,3.10E-10,2.50E-10,3.21E-10,3.08E-10,8.51E-10,1.42E-10,3.50E-11,2.68E-09,6.45E-11,6.63E-10,2.53E-11,6.54E-11,6.81E-11,1.55E-10,3.02E-10,1.54E-09,7.13E-10,5.07E-10,6.88E-10,9.65E-10,5.91E-10,5.23E-10,1.10E-10,1.48E-09,3.23E-10,5.49E-10,1.53E-09,4.66E-10,7.72E-10,7.86E-10,4.30E-10,5.17E-11,1.76E-10,3.56E-10,1.84E-09,1.50E-10,1.23E-10,3.31E-10,6.14E-10,6.56E-11,1.46E-09,5.16E-10,3.35E-11,2.85E-10,9.69E-11,7.05E-10,2.99E-10,3.39E-10,9.44E-10,3.42E-10,5.17E-10,1.00E-09,9.82E-10,3.14E-10,1.96E-10,2.61E-10,6.23E-10,1.17E-10,3.14E-10,3.40E-10,1.31E-10,7.76E-10,1.67E-10,1.46E-09,9.35E-10,1.16E-09,1.69E-10,2.63E-10,4.52E-11,6.15E-10,9.30E-10,2.69E-10,1.05E-10,8.37E-10
20151001,0,3.18E-10,1.14E-09,3.23E-14,3.34E-09,0.008053406,1.10E-14,0,0,0,2.67E-09,3.13E-10,0,3.68E-09,3.03E-09,4.40E-10,0,0,1.58E-09,2.39E-09,7.07E-10,8.26E-16,0,2.51E-16,2.43E-12,2.45E-09,0,4.79E-10,0.180898625,0,0,0,2.29E-13,5.87E-10,0,0,1.96E-09,8.72E-10,3.33E-10,0,2.13E-10,2.72E-15,1.12E-15,2.02E-09,3.32E-09,2.73E-10,1.69E-09,3.12E-12,1.51E-15,3.18E-09,3.58E-10,1.74E-09,7.55E-10,0,3.21E-11,0.009756665,2.15E-09,0,0,0,3.76E-11,0,3.77E-15,0,3.43E-10,1.50E-09,1.72E-09,1.03E-09,0,8.88E-10,0,1.13E-09,1.09E-09,0,1.37E-09,0.075793286,1.90E-15,0,0,0,0,0,0,1.67E-09,0,2.78E-09,1.71E-09,4.24E-10,1.27E-09,2.91E-09,0,3.07E-10,1.00E-09,3.11E-09,0,2.98E-09,2.16E-09,6.03E-10,0,0,8.40E-10,0,9.88E-10,1.04E-09,0,5.84E-14,2.23E-10,5.61E-10,2.23E-09,0,0,2.99E-09,0,0,3.05E-09,1.72E-09,0,4.31E-10,4.53E-10,8.28E-10,0,0,3.06E-16,1.19E-09,0,0,4.09E-10,6.23E-10,1.79E-09,0,2.58E-09,9.48E-10,0,3.15E-09,3.49E-09,1.00E-09,0,2.67E-10,0.046593168,0.036566951,0,0,3.01E-09,1.01E-15,3.31E-09,4.57E-10,0,0,0,0,1.40E-09,3.22E-09,1.86E-09,0,3.61E-09,2.88E-09,0,2.47E-09,0,0,2.39E-09,0,0.007788366,0,2.94E-12,0,0,9.48E-10,1.24E-09,0,4.89E-10,6.95E-11,0,0,0,1.65E-09,0,7.66E-10,1.31E-09,0,0,1.99E-09,0,9.83E-10,1.63E-09,9.11E-10,0,0,0,0,7.51E-10,0,0,0,0,8.89E-11,0,1.20E-09,0,0.081162387,3.12E-09,7.45E-10,5.27E-10,0,4.29E-10,1.92E-09,0,0,0.064452363,2.24E-09,3.31E-10,0,1.81E-09,2.83E-09,0,1.00E-09,0,2.76E-10,0,6.48E-10,1.31E-09,6.13E-10,0,0,3.69E-10,0,5.32E-10,0,5.79E-10,7.41E-10,0,0,6.33E-11,7.71E-10,1.81E-10,1.39E-09,0,0,1.20E-09,0,9.88E-10,0,2.02E-09,0,0,2.06E-09,0.167845745,0,0,1.23E-09,9.83E-17,4.28E-10,0,0,0,0,0,9.47E-10,0.004488284,0,2.71E-09,1.33E-09,0,0.121905412,0,0,1.80E-09,0,9.74E-10,8.43E-10,0,7.11E-10,0,1.50E-09,2.28E-10,1.00E-09,5.42E-10,0,0,0,2.86E-10,5.77E-13,0,9.98E-10,1.85E-09,2.25E-09,2.95E-09,0,0,5.36E-10,8.70E-17,0,0,7.31E-10,0,0,0,0.078768851,0,0,1.65E-09,2.70E-09,0,0.014435886,2.87E-09,8.68E-10,0,2.21E-09,0,0,0,2.96E-10,0,0,0,0,1.65E-09,7.51E-10,2.71E-09,1.47E-09,0,9.63E-10,0,1.93E-09,0,4.78E-10,1.17E-09,0,2.15E-09,2.48E-09,1.98E-09,0,0,2.43E-09,4.03E-10,0,0,5.23E-10,0,0,4.02E-10,1.06E-10,0,2.60E-09,6.66E-10,0,2.42E-09,0,0,1.16E-09,0,0,0,0,0,9.41E-14,1.91E-09,1.18E-09,0,0,0,0,0,0,0,9.29E-10,0,1.22E-09,2.02E-09,0,1.32E-09,0,0,1.64E-09,1.35E-10,0,3.19E-10,5.04E-10,2.00E-09,4.14E-10,0,3.03E-09,1.32E-09,0,3.03E-09,1.48E-09,0,8.23E-10,0.101490581,3.84E-10,3.66E-12,9.68E-10,1.20E-09,9.53E-10,1.47E-09,2.25E-09,2.89E-10,1.21E-10,0,0,2.00E-09,0,1.01E-10,6.17E-10,3.62E-10,1.36E-09,0,0,1.74E-09,0,2.87E-09,0,1.91E-09,0,0,6.26E-13,1.81E-13,0,1.68E-09,2.49E-09,0,1.26E-09,3.34E-10,4.78E-10,1.02E-09,0,8.60E-11,2.43E-10,0,1.82E-09,0,0,1.74E-09,3.78E-11,0,0,2.14E-09,8.57E-10,0,0,9.01E-10,9.25E-10,3.27E-09,3.39E-09,6.74E-10,7.38E-10,1.47E-09,2.40E-09,0,7.64E-10,1.19E-09,8.39E-10,0,7.97E-10,0,2.96E-09,0,0,0,1.39E-10,0,0,1.32E-09,0,0
20160101,8.52E-10,1.80E-11,2.43E-11,8.74E-11,0.029696709,0.008247492,9.61E-11,1.83E-10,1.61E-10,8.42E-10,2.35E-11,1.35E-12,4.63E-10,3.32E-11,2.60E-11,7.60E-14,2.75E-10,1.14E-12,1.12E-11,2.35E-11,6.35E-12,9.60E-10,1.04E-09,6.77E-11,1.03E-11,2.25E-11,1.31E-09,1.41E-11,0.239286295,1.11E-09,3.61E-10,5.90E-10,3.31E-11,1.21E-12,9.64E-10,4.59E-10,2.24E-11,5.04E-12,1.84E-14,8.03E-10,5.28E-12,1.05E-10,1.05E-12,1.64E-11,3.09E-11,4.31E-12,1.01E-11,1.29E-11,3.87E-11,2.85E-11,4.25E-12,1.65E-11,6.99E-12,4.93E-10,4.08E-11,0.015373386,2.19E-11,7.02E-10,4.98E-10,2.11E-10,3.14E-11,2.26E-10,1.01E-10,1.93E-10,1.93E-12,1.07E-11,1.88E-11,1.45E-11,4.93E-10,3.22E-12,7.62E-10,4.33E-12,1.26E-11,3.94E-10,1.19E-11,0.088599928,1.98E-10,2.24E-11,8.99E-10,2.99E-10,4.11E-10,1.82E-10,2.52E-10,1.49E-11,2.78E-10,2.53E-11,2.26E-11,1.46E-13,8.14E-12,2.42E-11,2.74E-10,5.97E-11,9.79E-12,0.01251931,3.31E-10,2.60E-11,2.38E-11,5.65E-12,2.85E-10,3.69E-11,1.55E-11,2.29E-10,6.99E-12,9.14E-12,4.67E-11,1.50E-09,5.84E-11,3.13E-12,1.98E-11,8.42E-10,1.29E-09,2.40E-11,3.77E-10,7.57E-10,2.87E-11,3.51E-11,4.03E-10,3.18E-12,2.27E-12,5.73E-12,2.64E-10,8.86E-10,6.44E-11,9.89E-12,5.69E-10,4.80E-10,6.39E-12,2.50E-12,1.04E-11,1.92E-10,2.82E-11,7.10E-12,5.37E-13,2.72E-11,2.96E-11,5.77E-12,7.62E-10,2.88E-12,0.023825765,0.051580672,9.24E-10,5.60E-13,2.29E-11,5.58E-13,3.06E-11,1.35E-12,7.29E-10,2.56E-10,2.54E-10,7.16E-10,7.92E-12,2.72E-11,1.50E-11,6.03E-10,3.24E-11,2.52E-11,2.42E-10,1.72E-11,3.81E-10,1.41E-09,2.27E-11,4.10E-10,0.013757229,6.37E-10,1.49E-11,3.82E-10,1.49E-09,1.18E-11,3.40E-12,5.15E-10,5.30E-12,1.90E-12,5.04E-10,1.72E-10,4.53E-10,2.38E-11,7.71E-10,6.21E-12,9.39E-12,2.46E-10,1.29E-09,1.86E-11,1.91E-10,1.40E-11,1.17E-11,5.93E-12,4.55E-12,7.29E-10,6.47E-10,6.24E-10,6.77E-12,1.62E-10,8.48E-11,1.37E-12,4.07E-10,3.82E-11,7.61E-10,1.07E-11,1.16E-10,0.063338717,0.011306865,5.19E-12,1.91E-12,7.62E-10,6.11E-12,2.67E-11,3.64E-10,8.43E-11,0.029990226,2.10E-11,3.85E-12,1.95E-10,1.54E-11,3.13E-11,6.11E-10,4.83E-12,1.82E-12,2.74E-12,3.86E-11,2.20E-11,3.29E-11,7.44E-12,3.43E-10,2.65E-10,1.33E-12,1.07E-09,1.79E-12,7.55E-10,7.13E-12,3.25E-12,6.96E-10,6.92E-10,3.76E-13,5.02E-12,3.47E-12,9.35E-12,3.33E-10,2.88E-10,7.08E-12,4.40E-10,4.98E-12,6.33E-12,1.45E-11,4.75E-13,1.04E-10,1.28E-11,0.13148873,8.39E-10,2.74E-10,1.45E-11,1.21E-10,6.78E-13,1.04E-09,1.17E-12,3.59E-12,3.74E-11,3.35E-10,1.71E-12,3.63E-11,1.21E-10,2.67E-11,1.29E-11,2.08E-11,0.097855371,8.98E-10,4.07E-10,2.56E-11,2.61E-10,4.73E-12,7.79E-12,6.32E-10,2.42E-13,8.09E-10,1.95E-11,1.06E-12,2.70E-12,5.29E-12,4.42E-10,9.37E-10,3.34E-10,1.00E-12,3.28E-11,1.22E-09,5.72E-12,1.56E-11,1.99E-11,2.49E-11,9.56E-10,3.83E-10,6.27E-12,9.91E-10,1.14E-10,2.23E-10,6.12E-12,2.04E-10,1.91E-10,3.86E-10,0.071302801,6.41E-10,4.17E-10,1.24E-11,2.52E-11,6.99E-10,0.010860166,2.66E-11,8.64E-12,1.07E-10,2.37E-11,1.53E-10,1.05E-09,2.11E-12,5.43E-12,1.41E-10,4.31E-10,6.74E-10,5.35E-10,1.22E-11,5.71E-12,2.03E-11,1.99E-11,4.27E-10,5.20E-12,3.68E-10,2.02E-11,1.32E-10,3.32E-12,6.52E-12,2.28E-10,1.21E-11,2.17E-11,1.59E-11,1.14E-10,1.96E-10,1.88E-11,3.08E-13,3.32E-10,9.97E-10,9.50E-12,3.75E-10,1.17E-10,2.40E-12,7.85E-13,4.20E-10,2.22E-11,8.89E-13,1.38E-10,2.07E-11,1.19E-10,4.39E-10,9.78E-12,4.06E-10,4.01E-10,9.67E-10,3.41E-10,3.13E-10,4.59E-12,1.89E-11,8.79E-12,4.30E-10,5.59E-10,2.46E-11,6.01E-10,1.63E-10,3.17E-13,3.69E-10,7.59E-12,1.11E-10,6.08E-12,1.51E-11,7.29E-13,6.42E-12,2.02E-10,5.30E-10,2.38E-11,1.50E-12,1.27E-10,1.24E-12,1.49E-12,1.52E-11,3.96E-12,3.58E-10,2.48E-11,5.79E-12,2.77E-10,2.64E-11,1.59E-11,3.89E-10,1.88E-11,0.100970343,1.98E-10,1.95E-11,8.84E-12,1.01E-11,2.55E-12,1.72E-11,2.19E-11,4.74E-13,9.51E-13,1.39E-09,1.25E-10,1.84E-11,1.37E-12,1.76E-12,4.81E-12,2.25E-12,1.12E-11,1.10E-09,3.58E-10,1.35E-11,2.71E-10,2.53E-11,3.27E-11,2.08E-11,2.75E-10,5.71E-10,7.82E-12,1.34E-10,4.53E-10,1.29E-11,2.92E-11,4.50E-10,1.10E-11,2.24E-12,4.80E-12,8.11E-12,6.04E-10,2.31E-11,1.06E-11,2.90E-10,1.87E-11,1.66E-10,8.83E-10,1.40E-11,7.60E-13,1.26E-10,4.82E-10,1.66E-11,4.06E-12,9.65E-11,4.96E-10,1.18E-11,1.99E-11,2.76E-11,2.85E-11,2.97E-12,2.02E-13,1.38E-11,2.19E-11,4.10E-10,3.84E-12,8.08E-12,1.11E-11,4.23E-10,1.70E-12,1.11E-09,2.56E-11,7.29E-10,2.83E-10,1.93E-10,4.27E-12,3.21E-10,6.80E-10,1.06E-11,1.58E-10,4.66E-10
20160401,1.83E-11,1.55E-10,9.94E-10,6.42E-12,0.04276132,1.13E-09,4.72E-12,5.92E-12,4.57E-12,1.80E-11,8.36E-10,1.62E-10,1.04E-11,1.58E-09,1.43E-09,1.20E-10,6.76E-12,6.71E-12,7.15E-10,9.93E-10,3.52E-10,1.86E-11,2.63E-11,1.11E-12,2.52E-11,1.24E-09,1.50E-11,2.22E-10,0.138764427,2.68E-11,7.35E-12,8.45E-12,1.65E-12,8.67E-11,2.02E-11,1.11E-11,5.75E-10,7.82E-10,3.78E-12,3.19E-11,1.93E-10,8.98E-13,1.81E-12,7.05E-10,1.69E-09,1.73E-12,5.29E-10,1.27E-10,4.22E-12,1.48E-09,6.14E-10,7.62E-10,1.33E-10,1.76E-11,6.26E-12,0.059171657,9.70E-10,1.70E-11,6.63E-15,4.16E-12,4.19E-12,5.05E-12,6.83E-12,5.61E-12,2.38E-10,6.54E-10,7.68E-10,5.41E-10,1.34E-11,2.62E-10,2.30E-11,1.77E-10,5.85E-10,1.17E-11,4.95E-10,0.163565805,1.30E-11,4.44E-12,2.42E-11,8.30E-12,1.20E-11,4.19E-11,4.27E-12,7.26E-10,4.42E-12,7.69E-10,7.83E-10,1.98E-10,4.14E-10,1.04E-09,8.99E-12,3.50E-10,4.59E-10,0.023234103,2.16E-11,1.55E-09,4.39E-10,3.93E-10,9.41E-12,6.87E-12,8.27E-10,1.48E-11,4.72E-10,5.99E-10,8.06E-12,3.31E-11,2.63E-12,3.38E-10,7.99E-10,1.85E-11,3.59E-11,9.89E-10,1.30E-11,2.42E-11,1.59E-09,0.005921127,8.83E-12,1.59E-11,2.14E-10,5.51E-11,1.11E-11,2.69E-11,8.92E-11,6.29E-10,1.87E-11,1.57E-11,4.63E-11,3.53E-10,3.34E-10,2.37E-11,1.08E-09,4.47E-10,1.85E-12,1.46E-09,1.62E-09,3.20E-10,2.53E-11,3.44E-10,2.02E-13,0.061568518,2.02E-11,2.74E-12,1.57E-09,3.54E-12,1.54E-09,2.89E-10,1.84E-11,6.74E-12,5.77E-12,1.98E-11,5.16E-10,1.47E-09,6.42E-10,1.06E-11,1.62E-09,1.28E-09,9.31E-12,1.01E-09,8.96E-12,2.97E-11,8.80E-10,1.22E-11,0.026315439,1.30E-11,6.66E-10,8.46E-12,5.18E-11,4.80E-10,4.66E-10,1.06E-11,2.29E-10,8.30E-11,1.76E-11,1.07E-10,7.65E-12,7.52E-10,2.25E-11,1.92E-12,5.52E-10,1.19E-11,2.76E-11,7.35E-10,5.27E-12,7.12E-10,6.63E-10,3.19E-10,2.23E-10,1.46E-11,1.12E-11,1.08E-11,5.76E-10,7.89E-12,4.88E-11,7.63E-12,1.15E-11,3.09E-10,2.19E-11,6.25E-10,3.59E-12,0.011638321,0.006180021,9.40E-13,1.26E-11,2.54E-11,3.07E-10,1.07E-09,1.22E-11,1.30E-12,0.005252933,1.04E-09,2.97E-10,5.67E-12,8.80E-10,9.97E-10,1.47E-11,6.42E-15,1.45E-10,5.08E-10,3.44E-12,6.15E-10,1.95E-13,7.71E-11,1.04E-11,7.82E-12,1.31E-10,2.02E-11,1.20E-10,1.31E-11,4.64E-10,3.87E-10,1.87E-11,1.76E-11,2.07E-10,6.47E-10,3.46E-10,5.87E-10,1.66E-11,1.15E-11,6.14E-10,1.02E-11,3.63E-10,3.62E-10,6.94E-10,1.16E-11,6.97E-12,7.54E-10,0.090784584,1.29E-11,9.78E-12,4.53E-10,3.28E-12,1.67E-10,2.83E-11,5.07E-12,2.65E-12,1.25E-10,1.10E-11,1.50E-10,0.050637373,6.95E-12,1.49E-09,2.58E-10,1.77E-14,0.107365587,1.94E-11,1.17E-11,7.03E-10,7.72E-12,3.69E-10,1.20E-10,1.57E-11,1.04E-10,1.42E-11,9.10E-10,5.02E-13,1.75E-11,4.44E-10,1.14E-11,2.12E-11,8.61E-12,2.25E-10,1.46E-14,2.77E-11,5.18E-10,7.92E-10,4.41E-10,1.18E-09,2.24E-11,1.82E-11,2.65E-12,3.93E-11,8.46E-12,4.70E-12,6.06E-11,6.41E-12,9.62E-12,5.16E-12,0.068705683,1.80E-11,5.28E-12,3.73E-10,1.41E-09,1.16E-11,0.000450614,1.34E-09,2.00E-10,9.61E-11,9.15E-10,6.04E-12,2.02E-11,1.06E-11,5.08E-10,4.81E-12,1.36E-11,1.74E-11,1.39E-11,4.96E-10,1.05E-12,1.13E-09,8.11E-10,1.43E-11,2.68E-10,8.26E-12,8.00E-10,9.24E-12,2.27E-10,3.62E-10,2.94E-12,6.95E-10,1.23E-09,8.07E-10,2.63E-11,6.67E-12,8.95E-10,2.97E-10,2.73E-12,2.40E-11,5.06E-10,1.23E-11,4.93E-12,2.84E-10,3.13E-12,7.82E-12,1.34E-09,1.80E-12,2.67E-12,1.18E-09,8.06E-11,1.39E-11,4.01E-10,9.70E-12,1.41E-11,2.38E-11,1.22E-11,1.02E-11,2.11E-12,9.80E-10,5.41E-10,9.12E-15,1.59E-11,1.71E-10,1.49E-11,1.02E-11,4.32E-10,8.12E-12,4.74E-10,4.25E-12,1.55E-10,8.62E-10,2.28E-10,2.82E-11,8.21E-12,1.13E-11,6.61E-10,1.11E-10,1.14E-11,2.34E-10,2.02E-11,5.52E-10,2.40E-10,7.36E-12,1.42E-09,4.83E-10,5.56E-12,1.37E-09,6.66E-10,1.10E-11,3.16E-14,0.13768249,6.63E-12,4.19E-14,6.47E-10,6.89E-10,5.82E-10,6.83E-10,7.97E-10,1.56E-10,9.72E-11,2.83E-11,6.62E-12,9.31E-10,2.40E-12,8.78E-11,1.70E-10,1.74E-10,6.28E-13,3.01E-11,1.05E-11,5.84E-10,6.60E-12,5.12E-10,1.61E-12,7.63E-10,3.86E-12,1.06E-11,2.19E-12,1.52E-10,7.01E-15,6.08E-10,1.15E-09,1.65E-11,4.03E-10,7.68E-11,4.58E-10,5.55E-10,9.48E-12,4.57E-12,3.47E-12,8.55E-12,6.24E-10,6.18E-12,2.00E-11,6.28E-10,9.20E-11,4.19E-12,8.23E-13,7.26E-10,4.81E-10,2.92E-11,1.08E-11,4.96E-10,1.04E-10,1.58E-09,1.18E-09,8.92E-11,1.20E-10,6.32E-10,1.09E-09,3.52E-11,4.50E-10,4.17E-10,7.06E-10,9.34E-12,4.90E-12,2.85E-11,1.50E-09,1.41E-11,5.80E-12,3.09E-12,2.42E-10,3.59E-12,1.67E-11,6.24E-10,6.44E-12,1.70E-11
20160701,0,6.84E-12,5.23E-11,0,0.002617502,5.60E-11,0,0,0,0,3.05E-11,8.62E-12,0,8.20E-11,7.58E-11,2.60E-12,0,0,4.05E-11,5.04E-11,1.89E-11,0,0,5.27E-12,3.56E-12,6.22E-11,0,7.02E-12,0.126089363,0,0,0,0,5.73E-12,0,0,3.52E-11,3.83E-11,0,0,1.20E-11,0,0,3.66E-11,8.27E-11,0,2.64E-11,5.56E-12,3.81E-12,7.59E-11,3.38E-11,4.10E-11,8.40E-12,0,0,0.059733334,4.86E-11,0,6.12E-12,8.99E-14,0,0,0,0,4.60E-12,4.01E-11,4.31E-11,3.73E-11,0,1.11E-11,0,9.16E-12,3.00E-11,0,1.68E-11,0.180290592,0,2.74E-12,0,0,0,2.11E-12,0,3.71E-11,0,4.35E-11,4.63E-11,8.77E-12,2.02E-11,5.57E-11,0,2.19E-11,3.00E-11,0.028965493,3.49E-12,8.09E-11,2.57E-11,1.98E-11,0,4.55E-12,4.66E-11,0,2.28E-11,3.16E-11,1.34E-12,0,0,1.40E-11,4.14E-11,0,0,5.35E-11,0,0,8.51E-11,0.010637458,0,4.73E-12,1.25E-11,9.70E-12,0,0,8.99E-12,3.84E-11,0,0,8.21E-12,2.16E-11,1.80E-11,4.47E-12,4.94E-11,2.51E-11,6.30E-12,7.69E-11,8.34E-11,1.73E-11,0,1.88E-11,0.011350265,0.063037265,0,1.71E-12,8.32E-11,0,8.15E-11,8.29E-12,0,0,0,0,2.67E-11,7.59E-11,3.74E-11,0,8.15E-11,6.71E-11,0,5.29E-11,0,0,4.84E-11,0,0.028823,0,5.41E-11,0,0,2.44E-11,2.47E-11,0,1.03E-11,6.20E-12,0,1.19E-11,0,4.45E-11,0,0,2.90E-11,0,0,3.99E-11,0,3.38E-11,3.01E-11,1.63E-11,1.18E-11,0,0,0,2.59E-11,0,1.15E-11,0,0,2.07E-11,0,2.75E-11,0,0.021388117,7.49E-11,2.08E-12,0,0,1.22E-11,5.80E-11,0,4.06E-12,5.15E-11,5.11E-11,1.58E-11,0,3.78E-11,5.89E-11,0,0,5.45E-12,2.91E-11,0,3.91E-11,0,1.02E-12,0,0,6.45E-12,0,1.57E-11,0,2.50E-11,1.83E-11,0,0,9.97E-12,3.48E-11,1.94E-11,3.22E-11,0,0,2.76E-11,0,1.82E-11,2.60E-11,3.52E-11,0,0,3.92E-11,0.09663761,0,0,3.10E-11,0,1.32E-11,0,0,0,7.44E-12,0,1.32E-11,0.08414969,0,7.99E-11,1.89E-11,8.08E-13,0.104764435,0,0,4.19E-11,0,1.74E-11,5.23E-12,0,3.76E-12,0,4.97E-11,0,0,2.28E-11,0,0,0,1.15E-11,0,0,2.66E-11,4.35E-11,4.66E-11,6.64E-11,0,0,1.02E-12,0,0,0,0,0,0,0,0.056884243,0,0,1.20E-11,7.71E-11,2.49E-11,0.005069874,7.41E-11,1.61E-11,8.36E-12,5.32E-11,5.17E-12,0,0,2.30E-11,0,0,0,0,1.31E-11,0,6.00E-11,3.44E-11,0,1.41E-11,0,4.07E-11,0,9.96E-12,3.43E-12,0,3.15E-11,6.18E-11,4.10E-11,6.72E-12,0,4.42E-11,1.13E-11,1.07E-13,0,2.29E-11,0,0,1.49E-11,0,0,7.11E-11,0,0,5.67E-11,6.45E-12,0,2.19E-11,0,0,0,0,0,0,4.86E-11,2.51E-11,0,0,0,0,0,1.14E-11,0,2.20E-11,0,1.29E-11,4.60E-11,1.54E-11,0,0,0,3.37E-11,1.01E-11,0,1.96E-11,5.00E-12,2.07E-11,1.19E-11,0,7.29E-11,2.26E-11,0,7.00E-11,2.20E-11,0,0,0.105446848,0,0,3.41E-11,3.42E-11,3.57E-11,3.74E-11,4.08E-11,2.93E-12,5.86E-12,0,0,4.44E-11,2.46E-12,9.61E-12,1.37E-11,1.01E-11,1.52E-11,0,0,2.36E-11,0,0.01411491,1.33E-12,3.71E-11,0,0,0,1.36E-11,0,3.07E-11,5.63E-11,0,2.19E-11,0,2.45E-11,3.14E-11,0,0,0,0,2.49E-11,0,0,3.05E-11,3.53E-12,0,0,3.84E-11,3.25E-11,4.52E-12,0,2.60E-11,0,8.26E-11,5.92E-11,1.89E-12,2.49E-12,2.26E-11,6.21E-11,0,2.04E-11,1.79E-11,3.66E-11,0,0,0,7.71E-11,0,0,0,9.82E-12,4.70E-12,0,3.21E-11,0,0
20161001,1.21E-11,2.43E-09,7.63E-09,3.60E-12,1.11E-08,7.55E-09,6.24E-12,5.89E-12,2.17E-12,1.51E-11,3.90E-09,1.23E-09,7.68E-12,1.11E-08,1.04E-08,3.49E-12,4.21E-12,1.90E-10,4.71E-09,7.43E-09,3.00E-09,1.32E-11,1.82E-11,1.06E-09,1.36E-09,8.40E-09,7.14E-12,5.24E-10,0.132851991,2.44E-11,5.46E-12,5.32E-12,1.73E-12,6.17E-10,8.74E-12,9.81E-12,5.49E-09,5.52E-09,4.28E-12,2.52E-11,2.15E-09,1.03E-10,4.40E-12,4.34E-09,1.10E-08,2.28E-12,3.24E-09,1.67E-09,7.68E-11,1.00E-08,4.52E-09,6.15E-09,1.00E-09,1.36E-11,6.28E-12,0.060006018,6.10E-09,1.37E-11,2.92E-09,2.97E-12,5.72E-12,1.33E-12,5.17E-12,3.66E-12,3.12E-10,5.90E-09,6.56E-09,5.07E-09,1.00E-11,1.02E-09,1.95E-11,2.26E-09,4.04E-09,8.55E-12,2.65E-09,0.163400665,1.31E-11,4.10E-10,1.81E-11,6.68E-12,8.17E-12,3.68E-13,3.46E-12,5.57E-09,3.20E-10,7.00E-09,7.97E-09,9.09E-10,3.13E-09,7.31E-09,1.07E-11,3.79E-09,5.05E-09,0.03474137,8.18E-10,1.10E-08,4.05E-09,2.47E-09,9.39E-12,1.96E-10,6.97E-09,1.29E-11,3.03E-09,4.75E-09,2.83E-12,1.71E-11,3.59E-12,1.59E-09,6.30E-09,1.27E-11,2.70E-11,8.53E-09,9.80E-12,1.90E-11,1.18E-08,0.006784506,4.07E-12,6.46E-10,1.82E-09,1.80E-09,8.20E-12,2.07E-11,1.96E-09,6.14E-09,1.40E-11,1.12E-11,1.12E-09,2.71E-09,2.15E-09,4.80E-10,7.75E-09,3.56E-09,2.81E-10,1.06E-08,1.13E-08,2.40E-09,1.94E-11,2.12E-09,0.022817152,0.06853526,1.37E-11,5.75E-10,1.14E-08,2.96E-12,1.12E-08,1.45E-09,1.08E-11,6.42E-12,5.29E-12,1.24E-11,2.95E-09,1.07E-08,4.75E-09,7.95E-12,1.06E-08,9.75E-09,7.89E-12,6.36E-09,5.18E-12,1.59E-11,7.24E-09,9.18E-12,0.027582086,9.67E-12,9.14E-09,5.69E-12,3.88E-11,3.19E-09,2.59E-09,5.43E-12,1.22E-09,1.01E-09,1.47E-11,2.54E-09,4.85E-12,6.46E-09,1.85E-11,3.75E-12,3.69E-09,9.36E-12,1.47E-11,6.20E-09,4.17E-12,6.60E-09,4.47E-09,2.54E-09,2.38E-09,9.97E-12,4.07E-12,3.73E-12,3.75E-09,8.51E-12,3.03E-10,4.14E-12,8.84E-12,2.92E-09,1.54E-11,3.85E-09,4.89E-12,0.024126007,1.02E-08,6.39E-10,1.26E-11,2.17E-11,2.35E-09,8.60E-09,9.95E-12,1.36E-09,6.20E-09,6.92E-09,2.20E-09,3.83E-12,6.12E-09,1.04E-08,1.28E-11,4.88E-10,1.62E-09,4.39E-09,1.47E-12,7.10E-09,4.51E-08,0,7.44E-12,7.29E-12,0,1.93E-11,1.88E-09,8.32E-12,3.88E-09,2.76E-09,1.61E-11,1.38E-11,1.35E-09,5.08E-09,3.16E-09,4.82E-09,1.54E-11,8.88E-12,4.87E-09,8.87E-12,2.41E-09,3.36E-09,5.18E-09,8.72E-12,5.07E-12,5.10E-09,0.094567687,7.25E-12,7.88E-12,3.62E-09,2.64E-12,1.39E-09,2.07E-11,3.79E-12,5.14E-11,1.45E-09,1.07E-11,2.08E-09,0.117745593,6.15E-12,1.12E-08,3.00E-09,0,0.084800415,1.18E-11,9.82E-12,6.29E-09,1.53E-12,3.24E-09,8.44E-10,1.12E-11,9.53E-10,9.81E-12,7.01E-09,1.08E-12,3.97E-12,3.19E-09,8.39E-12,1.39E-11,6.81E-12,1.98E-09,7.81E-10,1.91E-11,3.86E-09,6.23E-09,7.36E-09,9.26E-09,1.84E-11,2.03E-11,1.87E-12,3.13E-11,6.05E-12,2.60E-12,1.14E-12,4.56E-12,9.24E-12,3.56E-12,0.052902225,1.45E-11,2.72E-12,2.64E-09,1.03E-08,3.47E-09,0.005281217,1.05E-08,3.16E-09,2.24E-09,7.82E-09,8.59E-11,9.74E-12,9.32E-12,2.91E-09,7.12E-12,1.21E-11,1.38E-11,9.19E-12,1.99E-09,3.05E-12,7.77E-09,5.05E-09,9.34E-12,1.63E-09,5.32E-12,6.15E-09,6.22E-12,1.18E-09,2.38E-12,3.80E-12,3.42E-09,8.38E-09,5.98E-09,5.25E-10,6.37E-12,6.38E-09,1.68E-09,3.23E-10,1.78E-11,3.57E-09,9.26E-12,4.29E-12,1.76E-09,2.79E-12,6.06E-12,9.90E-09,1.32E-12,3.09E-12,7.21E-09,9.34E-10,9.27E-12,2.85E-09,7.30E-12,1.26E-11,1.74E-11,7.34E-12,7.08E-12,3.76E-13,7.11E-09,3.56E-09,0,1.40E-11,5.78E-13,1.11E-11,9.42E-12,9.50E-10,6.35E-12,3.15E-09,1.30E-10,1.26E-09,5.76E-09,2.02E-09,2.73E-12,4.42E-12,8.21E-12,4.55E-09,7.97E-10,1.30E-11,4.68E-09,7.57E-10,2.22E-09,1.10E-09,5.42E-12,9.93E-09,2.88E-09,4.77E-12,9.67E-09,3.49E-09,8.59E-12,7.62E-13,0.083746091,4.90E-12,0,4.42E-09,5.25E-09,4.45E-09,5.33E-09,5.49E-09,1.72E-12,5.05E-10,2.25E-11,6.55E-12,5.62E-09,7.20E-10,9.55E-10,1.52E-09,1.18E-09,1.16E-09,2.64E-11,7.16E-12,3.33E-09,2.12E-12,0.020111565,6.14E-10,5.27E-09,3.57E-12,6.19E-12,1.85E-10,3.58E-09,0,3.75E-09,7.12E-09,1.03E-11,3.76E-09,1.09E-12,2.66E-09,5.06E-09,3.01E-12,4.36E-12,3.68E-13,7.12E-12,3.25E-09,6.49E-12,1.36E-11,3.77E-09,5.74E-10,4.56E-12,0,4.89E-09,4.41E-09,1.51E-09,7.89E-12,4.23E-09,7.75E-13,1.13E-08,7.71E-09,5.30E-10,5.85E-14,3.18E-09,8.44E-09,2.67E-11,2.60E-09,2.34E-09,4.78E-09,7.13E-12,6.28E-12,1.63E-11,1.08E-08,1.07E-11,2.87E-10,3.13E-10,1.05E-09,4.78E-10,1.17E-11,4.22E-09,2.50E-12,1.38E-11
20170101,0,1.46E-10,2.76E-10,0,4.65E-10,2.91E-10,0,0,0,0,2.09E-10,6.16E-11,0,4.81E-10,4.43E-10,0,0,4.02E-12,2.41E-10,3.28E-10,1.05E-10,0,0,2.01E-11,2.20E-11,3.69E-10,0,2.45E-11,0.139611143,0,0,0,0,3.62E-11,0,0,2.19E-10,2.15E-10,0,0,1.14E-10,5.10E-11,0,1.41E-10,4.70E-10,0,1.55E-10,1.61E-10,0,4.32E-10,2.51E-10,2.45E-10,4.42E-11,0,0,0.060024185,2.30E-10,0,2.11E-10,0,0,0,0,0,1.48E-11,2.97E-10,3.01E-10,1.85E-10,0,1.99E-12,0,7.37E-11,1.69E-10,0,1.47E-10,0.160252668,0,2.27E-11,0,0,0,3.98E-11,0,2.39E-10,3.55E-11,2.92E-10,3.27E-10,1.79E-11,1.52E-10,3.18E-10,0,1.69E-10,2.03E-10,0.025409128,6.53E-11,4.88E-10,1.77E-10,1.36E-10,0,0,3.06E-10,0,1.46E-10,1.97E-10,0,0,0,1.96E-11,2.74E-10,0,0,3.71E-10,0,0,5.35E-10,0.033630006,2.09E-11,0,7.25E-11,7.40E-11,0,0,1.07E-10,2.89E-10,0,0,8.63E-11,8.83E-11,7.79E-11,5.67E-11,3.48E-10,1.59E-10,2.03E-11,4.64E-10,4.75E-10,1.04E-10,0,3.96E-11,0.017616487,0.074850757,0,4.15E-11,4.85E-10,0,4.90E-10,4.24E-11,0,0,0,0,1.37E-10,4.57E-10,2.35E-10,0,4.36E-10,4.21E-10,0,2.90E-10,0,0,2.87E-10,0,0.032229867,0,3.91E-10,0,0,1.54E-10,1.21E-10,0,7.40E-11,3.20E-11,0,1.61E-10,0,3.19E-10,0,0,1.64E-10,0,0,2.82E-10,0,2.71E-10,1.87E-10,9.63E-11,1.31E-10,0,0,0,1.53E-10,0,3.78E-12,0,0,1.84E-10,0,1.51E-10,0,0.02171545,4.30E-10,1.15E-11,0,0,1.22E-10,3.79E-10,0,5.63E-11,2.55E-10,2.91E-10,9.33E-11,0,2.88E-10,4.53E-10,0,2.35E-11,3.46E-11,2.28E-10,8.39E-12,3.75E-10,8.86E-12,1.54E-11,0,0,2.93E-13,0,1.25E-10,0,1.74E-10,1.26E-10,0,0,5.46E-11,2.31E-10,1.18E-10,2.78E-10,0,0,2.31E-10,0,7.17E-11,1.93E-10,2.51E-10,0,0,1.85E-10,0.077301746,0,0,1.34E-10,0,3.93E-11,0,0,0,8.04E-11,0,7.56E-11,0.101369061,0,4.93E-10,1.11E-10,0,0.072269022,0,0,3.21E-10,0,1.63E-10,3.84E-11,0,4.13E-11,0,3.44E-10,0,0,1.81E-10,0,0,0,1.14E-10,5.57E-13,0,1.62E-10,3.10E-10,3.58E-10,4.14E-10,0,0,4.33E-12,0,0,0,0,0,0,0,0.0495593,0,0,1.48E-10,4.60E-10,1.68E-10,0.002789061,4.77E-10,1.43E-10,9.85E-11,3.78E-10,0,0,0,1.16E-10,0,0,0,0,1.32E-10,0,3.13E-10,2.49E-10,0,6.79E-11,0,2.51E-10,0,2.66E-11,0,0,6.77E-11,3.73E-10,2.54E-10,3.48E-11,0,2.79E-10,9.17E-11,6.77E-11,0,1.74E-10,0,0,7.33E-11,0,0,4.38E-10,0,0,3.24E-10,3.34E-11,0,1.25E-10,0,0,0,0,0,8.68E-13,3.39E-10,1.73E-10,0,0,0,0,0,0,0,1.71E-10,4.32E-11,3.53E-11,2.18E-10,7.00E-11,0,0,0,2.35E-10,7.20E-11,0,2.38E-10,3.13E-11,3.85E-11,4.80E-11,0,4.22E-10,1.01E-10,0,4.69E-10,9.55E-11,0,0,0.109113545,0,2.71E-11,1.96E-10,2.10E-10,2.03E-10,2.80E-10,2.37E-10,0,3.31E-11,0,0,1.91E-10,5.86E-11,4.44E-11,5.96E-11,1.07E-10,5.07E-11,0,0,1.18E-10,0,0.022258573,4.65E-11,2.88E-10,0,0,3.62E-11,1.54E-10,1.10E-14,1.84E-10,3.39E-10,0,1.57E-10,0,1.36E-10,2.39E-10,0,0,4.90E-12,0,1.33E-10,0,0,1.18E-10,1.14E-11,0,2.21E-13,1.39E-10,2.08E-10,8.49E-11,0,1.80E-10,0,4.77E-10,2.81E-10,0,2.13E-11,1.28E-10,3.50E-10,0,1.45E-10,1.05E-10,1.93E-10,0,0,0,4.70E-10,0,2.63E-11,1.22E-11,5.14E-11,3.99E-11,0,1.98E-10,0,0
20170401,1.48E-11,1.23E-09,1.96E-09,2.97E-12,3.19E-09,2.13E-09,8.73E-12,8.65E-12,1.68E-12,1.77E-11,1.35E-09,5.55E-10,1.54E-11,3.54E-09,3.26E-09,8.20E-12,7.18E-12,9.95E-11,2.02E-09,2.19E-09,7.79E-10,1.43E-11,2.71E-11,0,1.99E-10,2.81E-09,3.01E-10,6.98E-10,0.12850315,4.17E-11,6.55E-12,3.29E-12,5.52E-12,4.08E-10,1.53E-11,1.50E-11,1.73E-09,1.56E-09,1.08E-11,4.08E-11,7.66E-10,5.50E-10,9.86E-12,1.04E-09,3.27E-09,3.26E-12,1.25E-09,1.57E-09,1.84E-10,2.96E-09,1.44E-09,1.76E-09,1.42E-10,2.27E-11,8.27E-12,0.063896199,1.86E-09,2.22E-11,1.10E-09,6.55E-12,9.99E-12,1.56E-10,1.09E-11,4.06E-12,3.17E-10,2.59E-09,2.29E-09,1.74E-09,1.43E-11,3.51E-11,2.97E-11,6.68E-10,1.25E-09,1.54E-11,1.23E-09,0.135276478,2.31E-11,3.33E-10,2.13E-11,8.57E-12,1.24E-11,6.25E-10,7.91E-12,1.75E-09,4.46E-10,2.00E-09,2.73E-09,1.17E-10,1.12E-09,2.32E-09,1.73E-11,1.12E-09,1.40E-09,0.028948657,1.42E-10,3.61E-09,8.22E-10,1.07E-09,1.75E-11,9.34E-12,2.12E-09,1.91E-11,9.32E-10,1.46E-09,5.58E-12,1.97E-11,4.81E-11,2.74E-10,1.84E-09,1.97E-11,4.05E-11,2.83E-09,1.37E-11,2.80E-11,0.02355313,0.030848073,1.39E-10,7.18E-12,2.27E-11,2.52E-10,1.07E-11,3.06E-11,8.17E-10,2.22E-09,2.07E-11,1.75E-11,1.08E-09,6.64E-10,5.91E-13,2.94E-10,3.00E-09,1.28E-09,3.92E-10,3.29E-09,3.38E-09,5.99E-10,3.15E-11,3.73E-12,0.008315022,0.072101349,1.79E-11,2.30E-10,3.53E-09,7.92E-12,3.52E-09,2.50E-10,1.51E-11,1.11E-11,4.03E-12,1.23E-11,1.29E-09,3.28E-09,1.95E-09,1.12E-11,3.01E-09,3.25E-09,8.43E-12,1.81E-09,6.25E-12,1.68E-11,2.19E-09,1.37E-11,0.022012664,1.41E-11,0.00740996,7.49E-12,6.74E-11,9.31E-10,1.04E-09,6.75E-12,5.80E-10,3.12E-10,2.43E-11,8.90E-10,1.26E-11,2.27E-09,2.83E-11,1.15E-11,1.26E-09,1.73E-11,1.78E-11,2.00E-09,5.88E-12,1.94E-09,1.21E-09,6.84E-10,8.40E-10,1.35E-11,6.88E-12,6.06E-12,1.06E-09,9.09E-12,6.70E-12,9.18E-12,1.23E-11,1.07E-09,2.30E-11,1.13E-09,9.28E-12,0.013762401,2.85E-09,5.82E-10,2.13E-11,3.98E-11,7.30E-10,2.87E-09,1.22E-11,4.84E-10,2.25E-09,1.85E-09,7.93E-10,9.18E-12,1.88E-09,0.016348658,1.99E-11,3.20E-10,4.89E-10,1.50E-09,3.69E-10,2.80E-09,0,4.56E-10,9.39E-12,1.20E-11,1.32E-10,2.97E-11,6.43E-10,6.49E-12,8.29E-10,8.62E-10,2.50E-11,2.29E-11,3.01E-10,1.37E-09,1.12E-09,2.33E-09,2.05E-11,1.30E-11,1.57E-09,1.35E-11,7.24E-10,2.00E-09,1.69E-09,1.64E-11,7.56E-12,1.41E-09,0.063309381,7.40E-12,1.05E-11,2.07E-10,3.56E-12,2.08E-10,2.82E-11,8.22E-12,2.50E-12,4.46E-10,1.42E-11,8.17E-10,0.141992169,1.16E-11,3.73E-09,8.19E-10,1.02E-10,0.068461762,1.71E-11,1.09E-11,2.43E-09,1.15E-10,1.19E-09,5.87E-10,1.58E-11,3.53E-10,9.07E-12,2.57E-09,2.33E-12,7.65E-12,1.67E-09,1.23E-11,1.95E-11,9.33E-12,7.21E-10,3.14E-10,2.57E-11,1.34E-09,2.54E-09,2.66E-09,2.98E-09,3.08E-11,3.54E-11,7.65E-11,4.85E-11,1.03E-11,5.44E-12,1.57E-10,5.75E-12,1.37E-11,3.28E-12,0.04785508,1.71E-11,2.13E-13,9.71E-10,3.52E-09,1.06E-09,0.005077495,3.43E-09,1.21E-09,9.60E-10,2.80E-09,9.97E-12,1.19E-11,2.03E-11,8.40E-10,1.47E-11,1.84E-11,2.86E-11,1.33E-11,8.41E-10,6.52E-12,2.16E-09,1.57E-09,1.34E-11,3.93E-10,6.92E-12,2.24E-09,1.04E-11,2.41E-10,8.59E-12,8.01E-12,1.75E-10,2.62E-09,1.99E-09,3.41E-10,9.10E-12,2.04E-09,6.55E-10,3.09E-10,2.52E-11,1.25E-09,1.38E-11,8.19E-12,5.96E-10,4.45E-12,1.13E-11,3.19E-09,4.00E-12,3.56E-12,2.35E-09,2.97E-10,1.66E-11,1.00E-09,1.32E-11,2.06E-11,2.43E-11,1.19E-11,1.20E-11,0,2.55E-09,1.36E-09,1.31E-12,2.45E-11,3.76E-12,1.72E-11,1.89E-11,4.02E-11,8.47E-12,1.01E-09,2.40E-10,0,1.35E-09,5.91E-10,3.29E-12,6.61E-12,1.15E-11,2.56E-09,6.11E-10,2.22E-11,1.79E-09,3.04E-10,1.33E-11,2.52E-10,7.52E-12,3.15E-09,6.74E-10,5.73E-12,3.45E-09,9.47E-10,1.20E-11,5.12E-12,0.098447846,5.31E-12,6.78E-10,1.73E-09,1.41E-09,1.33E-09,2.18E-09,1.66E-09,6.34E-12,1.97E-12,2.71E-11,1.16E-11,1.14E-09,2.69E-12,2.39E-10,4.73E-10,9.83E-10,1.98E-12,4.20E-11,1.18E-11,1.02E-09,3.19E-10,0.02388051,9.27E-11,1.63E-09,1.37E-12,8.09E-12,7.48E-10,1.34E-09,0,1.53E-09,2.24E-09,1.80E-11,1.65E-09,5.37E-12,1.25E-09,1.76E-09,7.77E-12,5.89E-12,8.06E-11,9.67E-12,8.94E-10,1.35E-11,2.19E-11,7.23E-10,5.32E-12,7.55E-12,0,9.19E-10,1.46E-09,4.34E-10,7.33E-12,1.17E-09,4.29E-12,3.59E-09,1.89E-09,2.32E-12,6.05E-10,8.42E-10,2.31E-09,4.14E-11,1.18E-09,8.06E-10,1.55E-09,9.59E-12,1.53E-11,2.78E-11,3.39E-09,1.53E-11,1.25E-10,1.94E-10,5.70E-10,3.72E-12,1.44E-11,1.62E-09,7.91E-12,2.26E-11
20170701,8.15E-10,0,0,4.72E-11,0,0,4.20E-10,4.19E-10,1.76E-10,1.09E-09,0,0,1.19E-09,0,0,2.40E-10,1.40E-10,4.43E-12,0,0,0,1.00E-09,1.40E-09,1.35E-10,0,0,0,0,0.123671571,2.59E-09,2.64E-10,8.47E-11,6.66E-10,1.28E-13,7.08E-10,8.82E-10,0,0,7.68E-10,2.25E-09,0,0,6.81E-10,0,0,3.95E-10,0,0,1.13E-10,0,0,0,0,1.63E-09,3.90E-10,0.047345241,0,1.37E-09,0,3.23E-10,6.21E-10,1.32E-10,3.20E-10,2.83E-10,9.24E-13,0,0,0,9.31E-10,4.08E-12,1.94E-09,0,0,7.03E-10,0,0.118050227,1.64E-09,4.11E-12,1.27E-09,4.34E-10,1.03E-09,0,4.03E-10,0,0,0,0,2.06E-12,0,0,1.30E-09,0,0,0.023871903,4.53E-11,0,0,0,1.22E-09,3.41E-10,0,9.24E-10,0,0,2.76E-10,1.43E-09,1.30E-12,0,0,1.04E-09,2.50E-09,0,4.95E-10,1.61E-09,0.01718707,0.02355767,4.80E-12,2.46E-10,6.72E-13,0,6.20E-10,1.85E-09,0,0,1.20E-09,9.84E-10,0,1.21E-13,0,8.30E-12,0,0,0,0,0,0,1.74E-09,7.05E-11,0.006625527,0.062516564,9.19E-10,0,0,4.05E-10,0,4.65E-12,8.47E-10,4.42E-10,5.62E-12,5.87E-10,0,0,0,5.11E-10,0,0,4.94E-10,0,8.12E-12,9.92E-10,0,6.37E-10,0.017697635,5.88E-10,0.008973592,4.43E-10,4.44E-09,0,0,2.65E-10,0,0,1.68E-09,0,6.31E-10,0,1.65E-09,8.31E-10,0,1.03E-09,9.04E-10,0,7.07E-11,0,0,0,0,5.03E-10,4.05E-10,3.22E-10,0,6.96E-10,3.19E-10,3.60E-10,8.59E-10,0,1.09E-09,0,7.40E-10,0.016343931,0,0,1.33E-09,2.36E-09,0,0,7.63E-10,0,0,0,0,4.82E-10,0,0.031803332,8.34E-10,0,0,0,0,0,6.97E-09,0,4.67E-10,5.95E-10,0,1.75E-09,0,1.04E-10,0,0,1.87E-09,1.03E-09,0,0,0,0,1.31E-09,8.14E-10,0,1.15E-09,0,0,0,9.29E-10,4.97E-10,0,0.039255226,3.36E-10,3.22E-10,0,1.88E-10,0,1.63E-09,4.79E-10,7.41E-11,5.91E-12,9.28E-10,0,0.169825334,1.07E-09,0.010798421,0,0,0.100982425,9.87E-10,6.68E-10,0,3.05E-11,0,0,8.67E-10,2.94E-12,5.53E-10,0,3.05E-10,6.32E-10,0,8.31E-10,1.35E-09,5.10E-10,0,0,1.67E-09,0,0,0,0,1.67E-09,2.31E-09,4.10E-12,2.75E-09,8.94E-10,3.68E-10,5.40E-12,9.75E-11,8.42E-10,7.74E-11,0.047798716,9.68E-10,2.30E-10,0,0,1.60E-11,0,0,0,0,0,1.27E-10,9.82E-10,7.88E-10,0,9.71E-10,1.22E-09,1.86E-09,1.47E-09,0,3.82E-10,0,0,6.88E-10,0,2.10E-10,0,3.60E-10,0,4.84E-10,3.13E-10,6.08E-12,0,0,0,6.84E-10,0,0,2.43E-12,1.54E-09,0,8.75E-10,2.14E-10,8.67E-13,3.82E-10,6.54E-10,0,1.71E-10,1.78E-10,0,0,1.16E-09,0,5.42E-10,1.36E-09,1.27E-09,4.25E-10,5.14E-10,2.13E-10,0,0,3.67E-10,1.74E-09,3.12E-10,1.28E-09,9.73E-10,1.92E-12,4.30E-10,0,4.84E-12,0,0,0,2.24E-11,3.70E-10,1.02E-09,0,0,1.85E-09,0,4.79E-12,3.20E-12,0,3.31E-10,0,0,3.21E-10,0,0,9.07E-10,6.60E-10,0.111635488,2.02E-10,0,0,0,0,0,0,5.27E-10,6.58E-11,1.46E-09,7.74E-10,0,2.03E-13,0,0,0,3.54E-10,2.48E-09,6.77E-10,0,0,0.022060141,5.00E-13,0,1.59E-10,5.50E-10,0,0,4.65E-10,0,0,1.11E-09,0,3.29E-10,0,0,7.44E-10,2.41E-10,0,2.98E-10,0,7.40E-10,1.38E-09,0,1.47E-10,2.56E-10,0,0,0,0,2.55E-10,0,8.15E-10,0,0,1.38E-10,0,0,0,2.60E-09,0,0,0,3.96E-10,9.51E-10,1.75E-09,0,8.28E-10,6.65E-12,2.39E-12,0,9.19E-11,7.11E-10,0,5.83E-10,1.59E-09
20171001,2.29E-09,0,0,2.72E-14,0,0,8.50E-10,1.24E-09,1.16E-09,2.26E-09,0,0,5.56E-09,0,0,8.83E-10,9.43E-14,1.65E-14,0,0,0,3.07E-09,4.49E-09,1.10E-09,0,0,0,1.12E-09,0.096259843,1.00E-08,6.31E-11,0,2.40E-09,5.30E-14,1.89E-09,2.74E-09,0,0,2.27E-09,5.94E-09,0,0,1.52E-09,0,0,2.60E-09,0,0.012220872,1.78E-14,0,0,0,0,4.36E-09,1.12E-09,0.046114668,0,5.03E-09,0,1.49E-09,1.06E-09,0,1.04E-13,1.35E-09,1.53E-14,0,0,0,3.39E-09,4.83E-14,5.24E-09,0,0,2.06E-09,0,0.110978358,5.44E-09,5.36E-14,2.41E-09,1.10E-09,2.00E-09,0,8.98E-14,0,0,0,0,7.48E-15,0,0,3.17E-09,0,0,0.028228066,6.60E-14,0,0,0,2.97E-09,8.16E-10,0,2.74E-09,0,0,1.29E-09,3.97E-09,1.70E-14,2.64E-11,0,2.69E-09,7.61E-09,0,7.32E-10,4.80E-09,0.036180649,0.022360459,0,3.12E-10,1.20E-15,6.84E-10,1.34E-09,5.86E-09,0,0,4.58E-09,4.04E-09,0,2.47E-14,4.78E-10,6.32E-14,0,0,0,0,0,0,4.64E-09,6.24E-10,0.003093826,0.063443347,2.78E-09,0,0,1.20E-09,0,4.27E-14,1.41E-09,1.59E-09,0,1.66E-09,0,0,0,1.42E-09,0,0,1.42E-09,0,1.78E-14,2.23E-09,0,1.25E-09,0.031843301,2.02E-09,0.014297988,1.41E-09,1.20E-08,0,0,3.48E-10,0,0,4.62E-09,0,2.12E-09,0,5.26E-09,2.81E-09,0,2.31E-09,2.52E-09,0,8.32E-15,0.006634529,0,0,0,8.04E-11,3.62E-10,3.25E-10,0,2.49E-09,2.68E-09,1.97E-09,2.30E-09,0,2.16E-09,0,2.11E-09,0.019744843,0,0,4.16E-09,6.42E-09,0,0.006808041,1.25E-09,0,0,0,0,1.50E-09,0,0.025987592,1.13E-09,0,0,0,0,0,0.012402717,0,5.12E-10,1.41E-09,0,4.91E-09,0,2.29E-10,0,0,6.17E-09,3.28E-09,1.18E-14,0,0,0,4.57E-09,1.81E-09,0,2.88E-09,0,0,0,3.06E-09,1.54E-09,0,0.035560081,2.25E-10,1.21E-09,7.56E-10,3.18E-10,2.94E-14,4.56E-09,1.58E-09,1.70E-10,7.36E-14,3.60E-09,0,0.173154834,2.74E-09,0.013286359,0,8.23E-10,0.054366297,3.23E-09,8.21E-10,0,1.24E-10,0,0,2.62E-09,0,1.85E-09,0,1.15E-09,2.70E-09,0,1.96E-09,2.90E-09,1.39E-09,0,1.09E-10,5.23E-09,0,0,0,0,3.37E-09,6.68E-09,0,7.76E-09,2.09E-09,6.50E-10,0,1.37E-10,2.11E-09,3.95E-14,0.030735488,3.68E-09,1.20E-09,0,0.023687826,8.70E-14,0.004619381,0,0,0,0.009497207,4.89E-11,3.29E-09,3.35E-09,0,4.11E-09,2.85E-09,5.41E-09,4.81E-09,0,7.07E-10,0,0,1.49E-09,0,4.33E-10,0,5.92E-10,0,1.54E-09,7.91E-10,1.29E-13,0,0,0,2.49E-09,0,0,5.67E-14,4.57E-09,0,2.73E-09,1.06E-09,3.05E-16,5.20E-10,2.27E-09,0,1.30E-09,3.32E-10,0,0,2.68E-09,0,5.89E-10,3.60E-09,3.32E-09,4.01E-10,1.39E-09,7.49E-10,0,0,4.13E-10,4.49E-09,5.36E-10,2.94E-09,2.09E-09,3.93E-14,1.54E-09,0,4.73E-14,0,0,0,1.16E-09,1.78E-10,2.03E-09,0,0,5.27E-09,0,1.13E-13,6.05E-10,0,1.16E-09,0,0,6.18E-10,0,0,2.23E-09,3.48E-09,0.088556255,6.83E-10,0,0,0,0,0,0,2.50E-09,2.22E-14,4.54E-09,1.50E-09,0,0,0,0,0,1.83E-09,7.19E-09,2.82E-09,0,0,0.029937238,4.31E-10,0,3.24E-10,1.30E-09,0,0,2.14E-09,0,0,3.48E-09,0,5.01E-10,0,0,2.34E-09,2.67E-10,0,1.34E-10,0,1.43E-09,3.91E-09,0,8.06E-11,8.92E-10,0,0,0,0,2.98E-10,0,1.96E-09,0,0,2.02E-14,0,4.27E-14,0,8.16E-09,0,0,0,8.19E-10,4.01E-09,4.79E-09,0,1.45E-09,0,0,0,4.61E-10,1.03E-09,0,1.21E-09,4.42E-09
20180101,4.66E-11,1.85E-09,3.86E-09,2.05E-10,2.98E-09,1.25E-09,1.13E-11,1.93E-11,2.64E-11,4.43E-11,2.32E-09,1.04E-09,1.04E-10,4.39E-09,3.97E-09,3.91E-11,6.69E-10,6.08E-10,4.02E-09,3.92E-09,5.22E-10,4.89E-11,1.01E-10,1.94E-11,4.74E-10,4.68E-09,6.48E-10,2.69E-11,0.077608712,1.71E-10,3.59E-10,1.31E-09,2.61E-11,4.23E-10,4.11E-11,6.14E-11,2.28E-09,3.31E-09,3.24E-11,1.19E-10,2.02E-09,1.68E-09,2.17E-11,6.62E-10,3.38E-09,4.58E-11,2.12E-09,2.91E-09,7.47E-11,2.68E-09,2.65E-09,2.91E-09,1.74E-10,6.61E-11,3.19E-11,0.039609113,2.82E-09,8.60E-11,1.94E-09,3.29E-11,1.49E-11,5.02E-12,7.24E-10,1.95E-11,1.18E-10,4.06E-09,2.49E-09,2.57E-09,5.83E-11,2.91E-10,8.52E-11,5.06E-10,1.92E-09,5.44E-11,2.05E-09,0.094488532,8.03E-11,1.37E-11,4.69E-11,3.30E-11,5.84E-11,3.99E-10,2.91E-11,2.20E-09,2.55E-09,2.35E-09,2.95E-09,7.94E-10,2.57E-09,3.26E-09,4.84E-11,2.27E-09,3.24E-09,0.026611712,1.78E-11,4.77E-09,1.60E-09,5.43E-10,4.40E-11,2.25E-11,1.41E-09,5.42E-11,1.75E-09,2.42E-09,5.06E-11,7.10E-11,9.63E-10,2.79E-10,2.04E-09,3.82E-11,1.27E-10,4.39E-09,2.33E-11,7.83E-11,0.015342654,2.59E-09,1.44E-09,2.76E-10,8.68E-10,1.77E-11,3.37E-11,9.02E-11,1.72E-09,0.006569104,6.95E-11,6.09E-11,2.13E-09,2.60E-11,4.81E-12,1.28E-10,3.57E-09,1.63E-09,1.48E-09,4.17E-09,4.49E-09,9.71E-10,9.05E-11,2.94E-11,0.003665869,0.051449866,4.11E-11,5.73E-10,4.99E-09,2.46E-11,3.97E-09,7.78E-10,4.24E-11,3.54E-11,1.11E-09,4.80E-11,2.80E-09,4.44E-09,3.00E-09,3.53E-11,3.26E-09,0.026639626,4.24E-11,1.85E-09,1.17E-09,4.27E-11,3.66E-09,2.83E-11,0.035622476,4.84E-11,0.023177895,2.46E-11,1.97E-10,7.31E-10,7.41E-10,5.93E-10,1.50E-09,9.74E-10,6.44E-11,1.74E-09,4.72E-11,2.31E-09,1.13E-10,4.47E-11,1.49E-09,4.85E-11,5.79E-11,2.43E-09,6.77E-10,0.026078076,2.25E-09,1.08E-09,1.78E-09,2.59E-10,1.05E-11,9.89E-12,1.91E-09,4.65E-11,3.66E-11,4.45E-11,3.81E-11,1.73E-09,5.53E-11,1.69E-09,2.71E-11,0.017097359,3.00E-09,1.63E-09,8.81E-11,1.18E-10,2.18E-09,3.37E-09,3.40E-11,1.24E-09,3.76E-09,1.97E-09,5.93E-10,2.80E-11,2.41E-09,0.008587171,3.01E-11,9.47E-10,6.38E-12,1.45E-09,1.55E-10,2.06E-09,0.014548221,8.20E-10,1.40E-11,3.45E-11,7.76E-10,9.29E-11,9.07E-10,2.63E-11,7.02E-10,8.86E-10,9.52E-11,7.58E-11,1.44E-10,1.94E-09,1.02E-09,3.93E-09,5.98E-11,3.13E-11,2.45E-09,3.01E-11,1.74E-09,8.88E-10,3.11E-09,1.00E-10,2.82E-11,2.15E-09,0.027393647,2.23E-10,3.42E-11,2.06E-11,8.20E-12,1.83E-10,7.35E-11,4.14E-11,1.66E-11,4.90E-10,6.34E-11,1.68E-09,0.133051543,3.41E-11,4.38E-09,1.76E-09,2.36E-11,0.073498216,5.66E-11,2.85E-11,3.16E-09,1.66E-12,1.23E-09,1.59E-09,5.10E-11,1.24E-09,2.92E-11,2.50E-09,1.35E-11,4.21E-11,3.27E-09,3.01E-11,4.59E-11,1.27E-11,1.50E-09,5.97E-10,9.26E-11,3.00E-09,3.84E-09,3.18E-09,0.02458685,8.61E-11,1.08E-10,1.20E-09,1.35E-10,2.95E-11,1.83E-11,2.94E-12,1.40E-11,3.54E-11,1.18E-11,0.025235423,7.80E-11,2.83E-11,2.39E-09,0.044085971,2.20E-09,0.007374379,3.62E-09,2.54E-09,2.82E-09,0.066825551,4.58E-10,4.67E-11,1.53E-10,1.48E-10,7.42E-11,4.38E-11,1.05E-10,7.83E-11,6.96E-10,7.14E-12,2.30E-09,2.11E-09,3.99E-11,8.27E-10,3.25E-10,8.65E-11,2.27E-11,1.89E-10,3.15E-11,2.19E-11,9.70E-11,3.57E-09,2.96E-09,1.53E-09,2.44E-11,3.66E-09,2.29E-09,3.02E-10,7.42E-11,1.06E-09,5.02E-11,3.20E-11,9.64E-10,3.56E-10,3.57E-11,3.59E-09,1.24E-11,8.19E-12,2.90E-09,7.59E-10,3.83E-11,1.49E-09,1.92E-11,6.09E-11,8.12E-11,2.64E-11,3.13E-11,7.45E-13,3.62E-09,2.03E-09,1.28E-10,6.53E-11,1.43E-11,5.84E-11,5.46E-11,1.17E-11,4.29E-11,7.34E-10,7.02E-11,1.51E-09,1.83E-09,9.69E-10,2.56E-11,5.97E-10,2.82E-11,2.50E-09,7.28E-10,7.96E-11,2.28E-09,6.62E-10,1.72E-11,3.40E-12,2.82E-11,4.13E-09,1.20E-09,1.42E-11,3.81E-09,7.27E-10,3.07E-11,4.67E-11,0.087317922,1.73E-11,5.49E-10,2.69E-09,1.11E-09,1.97E-09,1.83E-09,1.33E-09,5.52E-11,5.97E-12,8.48E-11,2.08E-11,9.24E-11,7.40E-10,9.54E-10,9.90E-10,1.53E-09,3.30E-11,1.20E-10,5.39E-11,2.09E-09,2.26E-09,0.037720642,2.51E-11,1.04E-09,4.51E-10,3.02E-11,4.63E-10,2.75E-09,8.19E-12,2.37E-09,2.60E-09,4.77E-11,2.79E-09,1.21E-11,2.29E-09,2.97E-09,4.08E-11,1.45E-10,2.76E-11,1.97E-11,1.21E-09,2.11E-11,6.98E-11,9.39E-10,1.76E-11,2.28E-11,2.83E-10,1.01E-09,2.30E-09,7.66E-10,1.42E-11,2.90E-09,2.24E-11,0.005813452,1.83E-09,6.58E-10,2.14E-09,1.35E-11,3.62E-09,1.47E-10,2.50E-09,1.63E-09,2.94E-09,1.93E-11,6.78E-11,6.98E-11,4.38E-09,3.77E-11,2.21E-09,1.12E-09,1.57E-09,1.52E-11,4.68E-11,1.41E-09,4.51E-12,7.72E-11
20180401,4.77E-12,6.92E-10,7.71E-09,1.17E-12,4.92E-09,9.54E-10,2.27E-12,2.92E-12,2.39E-12,5.82E-12,8.66E-09,1.52E-09,9.89E-12,9.86E-09,9.98E-09,6.00E-10,5.57E-10,3.60E-09,6.58E-09,7.96E-09,5.16E-10,4.13E-12,9.00E-12,4.52E-12,2.83E-09,6.60E-09,1.93E-12,5.05E-12,0.158472936,1.53E-11,1.94E-12,1.40E-09,1.61E-12,1.45E-09,3.82E-12,6.59E-12,5.97E-09,3.57E-09,2.32E-12,9.50E-12,3.41E-09,1.34E-09,1.98E-12,1.71E-09,7.55E-09,4.13E-12,6.01E-09,0.020867131,1.08E-12,5.67E-09,1.37E-12,6.63E-09,1.49E-10,5.04E-12,4.78E-12,0.017642194,3.88E-09,8.38E-12,4.47E-09,4.72E-12,2.60E-12,2.97E-09,1.25E-09,2.33E-12,2.15E-09,9.54E-09,5.32E-09,3.64E-09,5.47E-12,2.05E-09,5.54E-12,3.01E-09,4.62E-09,8.19E-12,4.74E-09,0.053814432,5.02E-12,1.30E-09,2.42E-12,4.51E-12,3.89E-12,1.61E-12,5.75E-12,7.46E-09,2.68E-09,6.91E-09,5.83E-09,1.72E-10,8.18E-09,8.37E-09,5.90E-12,1.04E-09,6.21E-09,0.001447231,4.42E-12,9.80E-09,4.50E-09,3.55E-09,5.51E-12,2.05E-12,9.46E-10,1.32E-09,2.34E-09,6.74E-09,4.99E-12,3.92E-12,2.47E-12,5.80E-13,2.82E-09,2.27E-12,8.81E-12,0.005126248,2.32E-12,3.83E-12,0.008638037,0.008232513,5.94E-10,4.78E-12,1.09E-12,4.65E-13,3.39E-12,5.78E-12,2.35E-09,9.04E-09,5.89E-12,5.63E-12,4.63E-09,3.42E-12,3.78E-13,3.67E-12,7.59E-09,4.98E-09,2.04E-09,9.94E-09,9.88E-09,2.53E-09,4.31E-12,4.08E-12,0.025953727,0.033753494,5.96E-12,3.69E-09,8.92E-09,7.44E-13,8.35E-09,6.60E-13,4.59E-12,5.59E-12,3.82E-09,2.24E-12,6.30E-09,8.79E-09,8.43E-09,4.91E-12,7.19E-09,0.05733898,3.96E-12,4.87E-09,2.03E-12,1.86E-12,0.006095956,2.34E-12,0.013851838,5.98E-12,0.01924304,2.05E-12,1.66E-11,1.02E-13,3.07E-09,2.39E-12,4.10E-09,4.06E-09,5.17E-12,4.20E-10,6.09E-12,5.78E-09,1.03E-11,1.43E-12,4.04E-09,4.81E-12,3.53E-12,5.77E-09,4.07E-10,7.26E-09,4.81E-09,1.86E-09,2.22E-10,3.11E-12,3.54E-12,3.25E-12,2.07E-09,3.82E-12,3.72E-12,1.93E-12,3.67E-12,2.03E-09,3.79E-12,2.65E-09,2.25E-12,0.028493988,6.26E-09,2.82E-09,5.36E-12,7.46E-12,5.43E-09,0.001891509,2.84E-12,1.38E-09,5.83E-09,4.99E-09,1.94E-09,2.92E-10,5.96E-09,0.033178659,5.22E-12,3.79E-09,2.14E-12,7.29E-10,1.95E-09,3.18E-09,0.029220402,2.17E-12,1.77E-12,3.52E-12,8.57E-10,1.24E-11,2.29E-09,6.38E-12,1.33E-10,1.69E-12,9.08E-12,9.13E-12,1.38E-12,7.98E-13,2.26E-09,7.01E-09,6.01E-12,2.83E-12,4.89E-09,3.50E-12,5.89E-09,2.35E-12,8.37E-09,3.56E-12,2.36E-12,3.94E-09,0.033204727,1.05E-12,3.95E-12,2.85E-12,1.24E-09,7.72E-13,6.02E-12,4.02E-12,1.06E-10,3.08E-12,5.33E-12,2.53E-09,0.095211446,9.63E-13,9.93E-09,2.42E-09,6.76E-12,0.093888601,2.45E-12,2.76E-12,7.99E-09,1.81E-13,3.94E-09,2.81E-09,3.86E-12,2.17E-09,6.49E-12,4.49E-09,4.82E-13,1.35E-12,4.83E-09,1.86E-12,2.11E-12,1.07E-12,4.11E-09,4.78E-09,7.12E-12,5.24E-09,4.62E-09,6.34E-09,9.74E-09,1.01E-11,4.77E-12,4.21E-09,8.60E-12,2.11E-12,2.44E-12,2.11E-12,1.53E-12,3.60E-12,3.71E-12,0.029394512,7.88E-12,0,6.55E-09,0.004878136,4.86E-12,5.90E-09,9.42E-09,5.79E-09,2.27E-09,0.054577862,5.99E-12,3.14E-12,1.09E-11,1.87E-12,8.41E-12,4.72E-12,9.60E-12,1.10E-11,7.90E-13,9.62E-13,4.60E-09,2.65E-09,6.78E-10,3.93E-09,1.98E-12,0.016250228,1.89E-09,4.80E-13,3.74E-12,4.32E-12,2.57E-09,7.20E-09,7.43E-09,1.02E-09,1.92E-12,7.86E-09,2.86E-09,3.70E-12,6.68E-12,1.58E-09,5.11E-12,1.88E-12,1.89E-09,6.12E-13,3.57E-12,7.72E-09,9.72E-13,9.91E-13,6.13E-09,4.16E-13,2.90E-12,5.74E-09,4.57E-10,6.63E-12,9.15E-12,1.14E-09,4.72E-12,2.08E-09,7.32E-09,6.01E-09,0,6.25E-12,3.18E-12,6.58E-12,4.64E-12,4.18E-12,6.21E-12,1.82E-09,2.24E-12,2.78E-09,3.65E-09,3.60E-10,1.68E-09,4.82E-09,2.81E-12,8.01E-09,0,6.45E-12,4.97E-09,2.87E-09,1.70E-09,2.10E-10,3.65E-12,9.47E-09,3.75E-09,1.75E-12,0.005473552,6.71E-10,2.92E-12,3.16E-12,0.118628567,3.40E-12,2.37E-09,1.86E-09,8.20E-13,2.93E-09,2.91E-09,2.39E-09,5.56E-12,2.21E-12,1.14E-11,2.53E-12,3.19E-12,5.67E-10,4.29E-09,4.10E-09,5.66E-10,8.88E-13,1.15E-11,5.12E-12,3.89E-09,6.11E-09,0.025230113,2.51E-12,0,2.28E-12,1.41E-12,5.40E-09,2.78E-09,2.97E-13,6.56E-09,7.85E-09,1.15E-12,4.95E-09,1.47E-12,1.13E-09,4.01E-09,3.18E-12,1.00E-12,6.74E-13,4.00E-12,4.44E-09,9.27E-10,6.49E-12,4.57E-09,1.82E-12,1.91E-12,7.36E-14,4.99E-09,4.02E-09,0,4.23E-12,5.11E-09,3.58E-13,4.42E-08,6.15E-09,1.23E-10,2.57E-09,1.68E-12,6.48E-09,3.70E-10,2.52E-09,4.34E-09,4.59E-09,2.17E-12,3.40E-12,6.24E-11,1.00E-08,6.28E-12,2.46E-09,1.36E-09,3.62E-09,2.32E-12,3.50E-12,6.26E-10,2.26E-09,7.35E-12
20180701,9.41E-10,3.21E-09,1.57E-08,3.02E-10,8.52E-09,1.29E-09,3.83E-10,5.10E-10,5.42E-10,8.59E-10,0.020402534,4.78E-09,1.62E-09,2.04E-08,0.003030326,2.87E-09,1.86E-09,1.43E-08,1.58E-08,1.59E-08,2.77E-09,3.42E-10,1.36E-09,1.55E-09,3.52E-09,1.48E-08,1.77E-10,1.19E-09,0.135075291,2.96E-09,2.87E-10,2.94E-09,1.94E-10,4.53E-09,9.35E-10,9.94E-10,8.83E-09,1.12E-08,5.51E-10,1.27E-09,6.65E-09,1.57E-09,8.04E-11,1.78E-09,1.63E-08,6.57E-10,1.33E-08,0.035274179,1.41E-10,1.24E-08,2.32E-10,1.28E-08,1.53E-10,5.25E-10,7.30E-10,0.01166841,6.01E-09,1.05E-09,1.25E-08,9.27E-10,1.04E-10,6.99E-09,6.26E-09,2.80E-10,5.11E-09,0.013365149,1.17E-08,5.79E-09,6.34E-10,5.43E-09,3.56E-10,6.18E-09,1.13E-08,1.37E-09,1.33E-08,0.068444593,4.38E-10,2.91E-09,1.71E-10,5.91E-10,5.46E-10,2.96E-10,9.74E-10,1.41E-08,1.30E-10,1.42E-08,1.26E-08,1.89E-09,1.69E-08,1.36E-08,4.59E-10,4.28E-09,1.18E-08,1.17E-08,8.14E-10,2.05E-08,8.56E-09,6.42E-09,5.51E-10,2.93E-10,1.76E-09,4.60E-09,3.84E-09,1.75E-08,8.15E-10,6.74E-10,4.22E-10,1.94E-10,5.74E-09,1.38E-10,1.08E-09,1.79E-08,2.44E-10,4.93E-10,2.11E-08,0.024211272,3.75E-10,1.03E-09,1.43E-10,2.76E-10,5.51E-10,8.37E-10,2.14E-09,2.03E-08,4.10E-10,4.37E-10,8.46E-09,5.04E-10,2.08E-10,4.79E-10,1.77E-08,9.79E-09,2.51E-09,2.06E-08,2.05E-08,5.07E-09,5.02E-10,5.87E-10,0.033320834,0.025822107,6.49E-10,7.33E-09,1.60E-08,4.62E-12,1.54E-08,1.44E-10,6.48E-10,7.05E-10,7.59E-09,1.94E-10,1.47E-08,1.77E-08,1.81E-08,6.46E-10,1.47E-08,0.051881913,7.67E-10,9.73E-09,3.02E-10,8.53E-11,0.004503295,3.18E-10,0.022991592,8.86E-10,0.000339017,3.46E-10,2.84E-09,1.66E-10,5.89E-09,1.65E-10,1.39E-08,1.07E-08,2.61E-10,2.23E-11,8.06E-10,1.43E-08,1.52E-09,1.26E-09,8.45E-09,4.31E-10,6.16E-10,1.40E-08,4.64E-10,0.011133993,1.07E-08,6.14E-09,5.18E-11,3.61E-10,7.03E-10,6.40E-10,6.34E-09,4.30E-10,6.58E-10,1.23E-10,5.03E-10,1.26E-09,3.54E-10,1.12E-08,4.07E-11,0.017569573,1.44E-08,4.36E-09,4.62E-10,7.74E-10,1.56E-08,0.02192446,3.71E-10,3.24E-09,1.61E-08,1.07E-08,5.93E-09,4.53E-09,1.50E-08,0.060661304,6.26E-10,9.14E-09,4.91E-10,2.35E-10,6.80E-09,5.57E-09,0.016137924,5.60E-10,2.44E-10,3.84E-10,4.25E-09,1.87E-09,1.46E-09,1.37E-09,2.19E-09,2.16E-10,9.72E-10,1.23E-09,2.97E-10,7.96E-11,7.02E-09,1.18E-08,5.97E-10,2.01E-10,8.75E-09,2.09E-10,1.35E-08,9.68E-10,1.62E-08,3.53E-10,3.12E-10,6.76E-09,0.024544341,3.54E-10,3.98E-10,4.87E-10,2.75E-09,1.87E-10,1.08E-09,6.76E-10,2.23E-09,5.30E-10,3.35E-10,4.45E-09,0.028396033,4.42E-09,2.16E-08,3.60E-09,1.55E-09,0.083906286,2.01E-10,5.03E-10,0.006321794,1.24E-10,7.97E-09,8.07E-09,7.56E-10,3.03E-09,1.35E-09,1.24E-08,3.34E-09,1.76E-09,8.30E-09,2.46E-09,3.41E-10,3.66E-11,7.09E-09,1.76E-08,8.26E-10,1.28E-08,5.03E-09,9.30E-09,1.57E-08,1.50E-09,4.80E-10,8.95E-09,1.21E-09,1.93E-10,2.59E-10,4.45E-10,1.94E-10,1.72E-10,6.75E-10,0.036484803,1.21E-09,1.67E-10,1.68E-08,2.06E-08,9.42E-10,9.71E-09,0.03846509,1.42E-08,3.19E-09,0.039111269,7.45E-10,7.45E-10,1.42E-09,3.25E-10,1.29E-09,5.10E-10,1.43E-09,2.38E-09,4.82E-10,2.02E-10,7.72E-09,2.66E-09,8.40E-11,1.33E-08,2.56E-10,0.006526865,4.08E-09,2.19E-09,1.63E-10,5.98E-10,6.82E-09,1.46E-08,1.43E-08,9.11E-10,1.25E-11,1.54E-08,5.44E-09,5.18E-10,8.22E-10,6.35E-09,8.75E-10,2.11E-10,1.63E-10,1.79E-09,5.18E-10,1.56E-08,1.43E-10,5.82E-11,1.61E-08,2.11E-10,2.74E-10,1.30E-08,2.54E-09,5.31E-10,1.13E-09,8.61E-11,9.20E-10,8.68E-09,2.14E-08,1.31E-08,5.35E-09,5.27E-10,1.45E-10,9.53E-10,7.91E-10,5.13E-10,9.92E-10,1.26E-09,4.62E-10,4.04E-09,6.56E-09,8.55E-12,7.74E-09,1.08E-08,1.88E-10,0.020316654,2.02E-10,3.60E-10,1.01E-08,2.53E-09,7.81E-09,4.78E-09,5.23E-10,1.85E-08,1.12E-08,2.06E-11,2.08E-08,6.18E-09,2.69E-10,8.59E-10,0.130844025,5.54E-10,1.25E-08,9.59E-10,1.55E-10,3.18E-09,4.11E-09,7.48E-09,8.65E-10,4.00E-10,1.64E-09,4.23E-11,6.09E-10,3.16E-09,1.00E-08,1.16E-08,5.34E-10,2.00E-10,1.70E-09,6.58E-10,8.13E-09,1.06E-08,1.66E-08,4.07E-10,1.31E-10,4.80E-10,2.04E-11,1.56E-08,8.54E-09,4.67E-10,1.47E-08,0.007325306,9.47E-11,7.59E-09,2.58E-11,8.39E-10,4.39E-09,8.89E-10,2.63E-09,1.19E-10,5.07E-10,1.55E-08,3.69E-09,9.38E-10,1.29E-08,1.20E-10,2.96E-10,1.97E-09,9.75E-09,4.45E-09,4.73E-09,8.96E-10,1.14E-08,2.25E-10,2.02E-08,1.50E-08,4.20E-09,7.97E-09,1.27E-09,1.05E-08,4.09E-11,4.60E-09,1.14E-08,1.12E-08,1.47E-10,1.46E-10,2.23E-09,2.06E-08,1.12E-09,1.75E-09,1.17E-09,1.01E-08,5.37E-10,3.76E-10,9.82E-10,8.53E-11,6.71E-10
20181001,6.19E-09,3.32E-09,8.20E-09,2.38E-09,4.70E-09,5.11E-09,2.62E-09,2.99E-09,3.49E-09,5.70E-09,0.030144551,2.76E-09,1.15E-08,1.10E-08,0.045405881,3.50E-09,1.33E-09,8.38E-09,8.87E-09,9.13E-09,1.92E-09,1.83E-09,8.53E-09,1.09E-08,2.93E-09,7.45E-09,3.96E-10,9.50E-09,0.104294083,1.95E-08,2.29E-09,1.54E-09,7.28E-10,2.98E-09,6.81E-09,6.36E-09,6.40E-09,6.80E-09,2.95E-09,6.95E-09,3.46E-09,7.94E-10,2.26E-09,3.21E-09,9.93E-09,4.39E-09,7.24E-09,0.031493368,2.19E-10,6.56E-09,4.79E-10,6.06E-09,1.05E-09,2.39E-09,4.00E-09,0.007219684,4.81E-09,5.03E-09,5.11E-09,4.59E-09,9.86E-10,4.77E-09,2.61E-09,1.51E-09,1.98E-09,0.025698882,5.73E-09,6.00E-09,4.48E-09,4.20E-09,1.12E-09,1.61E-09,7.65E-09,1.08E-08,7.56E-09,0.056775634,1.35E-09,2.01E-09,5.34E-10,3.84E-09,2.93E-09,1.93E-09,6.79E-09,7.67E-09,7.70E-11,5.81E-09,5.65E-09,1.58E-09,8.66E-09,7.01E-09,1.76E-09,5.85E-10,6.59E-09,0.000534915,6.17E-09,1.08E-08,4.76E-09,4.15E-09,3.36E-09,2.16E-09,9.93E-10,2.25E-09,1.28E-09,1.04E-08,5.36E-09,6.15E-09,3.10E-09,1.54E-09,3.70E-09,9.03E-10,5.84E-09,9.41E-09,6.29E-10,2.37E-09,0.000845719,0.024283542,2.56E-09,8.80E-09,7.93E-10,8.36E-10,3.38E-09,5.75E-09,4.98E-10,1.08E-08,3.81E-09,3.66E-09,3.89E-09,3.04E-09,5.48E-11,1.79E-09,8.27E-09,4.93E-09,1.70E-09,1.12E-08,1.08E-08,9.21E-10,2.06E-09,2.75E-09,0.022853067,0.014931261,6.17E-09,3.79E-09,8.33E-09,8.99E-10,8.01E-09,1.04E-09,4.97E-09,4.35E-09,5.03E-09,8.23E-10,8.44E-09,8.78E-09,1.00E-08,3.70E-09,8.13E-09,0.026500828,4.06E-09,5.30E-09,1.94E-09,5.33E-10,0.007973805,7.78E-10,0.028313228,4.96E-09,0.020688144,2.21E-09,1.86E-08,7.64E-10,3.29E-09,1.79E-09,8.04E-09,6.24E-09,3.69E-10,8.65E-11,4.65E-09,0.011087821,7.79E-09,1.13E-09,5.07E-09,2.35E-09,5.79E-09,7.24E-09,1.50E-10,9.78E-09,5.69E-09,3.11E-09,9.02E-10,1.48E-09,5.55E-09,5.21E-09,4.44E-09,2.52E-09,2.82E-09,2.13E-10,2.00E-09,1.04E-09,1.95E-09,6.52E-09,1.24E-09,0.010535441,6.77E-09,2.93E-09,3.05E-09,4.67E-09,8.62E-09,0.003929873,3.29E-09,9.73E-10,0.003355073,6.85E-09,4.32E-09,2.68E-09,6.91E-09,0.051116679,3.64E-09,4.10E-09,5.37E-09,3.21E-10,2.85E-09,4.18E-09,0.018553571,3.58E-09,1.31E-09,2.60E-09,4.77E-09,1.22E-08,1.58E-09,9.13E-09,6.69E-10,1.91E-09,4.31E-09,7.48E-09,1.84E-09,4.81E-10,3.78E-09,6.39E-09,1.79E-09,6.76E-10,4.25E-09,2.04E-10,8.05E-09,8.88E-09,8.77E-09,9.25E-10,1.38E-10,4.55E-09,0.024533749,2.39E-09,1.93E-09,1.67E-09,1.14E-09,5.85E-10,7.01E-09,3.36E-09,5.05E-10,4.32E-09,2.41E-09,2.89E-09,0.022703532,3.50E-09,1.10E-08,1.75E-09,1.23E-08,0.106427527,1.16E-09,1.94E-09,0.007553632,1.22E-09,3.53E-09,3.87E-09,3.81E-09,1.45E-09,1.00E-08,9.03E-09,2.64E-09,4.88E-10,5.79E-09,1.06E-09,3.32E-09,4.04E-09,3.72E-09,9.91E-09,4.14E-09,8.44E-09,1.05E-09,5.48E-09,9.73E-09,1.08E-08,1.77E-09,6.68E-09,7.50E-09,2.85E-10,2.00E-09,2.99E-09,1.47E-09,8.72E-10,3.48E-09,0.03311058,8.48E-09,3.34E-10,7.89E-09,0.019122212,7.08E-09,4.78E-09,0.017325154,8.04E-09,5.42E-09,0.060024627,3.43E-09,3.84E-09,7.23E-09,2.40E-09,8.76E-09,3.26E-09,8.40E-09,1.53E-08,1.21E-09,1.43E-09,4.87E-09,2.65E-09,1.15E-10,9.17E-09,1.42E-09,0.00293282,1.17E-09,1.75E-09,2.39E-10,4.07E-09,4.41E-09,7.89E-09,7.58E-09,1.53E-09,8.86E-10,7.92E-09,2.60E-09,3.65E-09,4.83E-09,4.32E-09,4.91E-09,6.51E-10,1.90E-10,1.51E-09,2.80E-09,7.77E-09,1.10E-09,9.81E-10,9.06E-09,4.88E-10,1.61E-09,7.47E-09,1.04E-09,2.48E-09,6.80E-09,7.57E-10,8.62E-09,3.89E-09,1.16E-08,7.64E-09,4.23E-09,1.49E-09,3.07E-10,5.64E-09,4.91E-09,3.67E-09,6.52E-09,6.10E-10,4.02E-09,2.78E-09,3.60E-09,3.51E-10,5.96E-09,5.94E-09,3.21E-10,0.034838178,8.65E-10,2.19E-09,3.17E-09,1.46E-09,5.74E-09,3.62E-09,3.16E-09,9.23E-09,6.81E-09,4.00E-10,0.00050956,3.67E-09,1.63E-09,4.23E-09,0.111396608,4.16E-09,8.12E-09,8.79E-10,1.30E-09,3.43E-09,6.00E-09,3.89E-09,4.44E-09,1.83E-09,1.20E-08,4.85E-10,1.48E-09,1.22E-09,6.67E-09,8.12E-09,2.47E-09,2.13E-10,1.06E-08,3.79E-09,4.46E-09,5.24E-09,1.03E-08,1.36E-09,2.09E-09,3.55E-09,3.67E-10,9.37E-09,3.85E-09,3.51E-09,7.86E-09,0.012987079,4.01E-10,3.94E-09,5.08E-11,1.72E-09,2.17E-09,6.37E-09,1.02E-09,1.18E-09,3.23E-09,9.60E-09,1.45E-09,4.80E-09,8.96E-09,7.45E-10,1.71E-09,3.51E-09,6.93E-09,3.89E-09,4.35E-09,5.01E-09,7.14E-09,8.50E-10,1.06E-08,8.65E-09,2.75E-09,4.32E-09,2.55E-09,5.86E-09,2.72E-09,2.90E-09,6.51E-09,5.77E-09,2.98E-10,1.73E-09,7.74E-11,1.04E-08,9.19E-09,8.04E-10,1.34E-09,4.80E-09,3.13E-09,2.14E-09,2.43E-09,1.64E-09,3.83E-09
20190101,1.01E-09,4.66E-10,1.62E-11,1.14E-09,9.34E-12,4.10E-12,5.93E-10,5.41E-10,1.40E-09,1.16E-09,1.67E-11,1.38E-12,2.62E-09,1.92E-11,0.022934631,2.77E-12,1.39E-12,1.01E-11,8.64E-12,1.37E-11,3.83E-12,8.52E-10,1.91E-09,2.45E-09,3.57E-10,1.14E-11,5.67E-10,2.08E-09,0.094690565,5.25E-09,9.13E-10,3.55E-12,1.53E-10,5.01E-12,2.73E-09,1.64E-09,1.59E-11,1.24E-11,1.66E-10,1.55E-09,6.27E-12,9.16E-13,2.26E-12,3.77E-12,1.84E-11,8.76E-10,5.74E-12,0.004019887,1.33E-12,1.06E-11,9.74E-11,1.87E-11,4.82E-10,4.06E-10,6.73E-10,0.001704935,8.57E-12,7.80E-10,1.04E-11,1.14E-09,3.77E-12,3.44E-12,1.04E-12,1.98E-10,2.17E-12,0.001090894,1.20E-11,6.28E-12,5.24E-10,3.90E-12,2.12E-10,3.55E-12,9.28E-12,2.70E-09,9.90E-12,0.073937559,3.09E-10,1.59E-12,5.53E-10,6.63E-10,4.91E-10,1.60E-10,1.67E-09,9.76E-12,1.89E-11,9.06E-12,1.16E-11,1.77E-12,7.65E-12,8.21E-12,3.36E-12,2.13E-12,1.60E-11,1.60E-11,8.54E-10,1.81E-11,9.11E-12,7.19E-12,6.50E-10,7.57E-11,1.24E-12,1.21E-11,5.40E-11,1.58E-11,1.21E-09,2.15E-09,1.08E-09,3.76E-10,4.90E-12,9.45E-11,8.13E-10,1.25E-11,2.77E-10,1.07E-09,0.020264337,0.069428259,1.12E-09,2.26E-09,2.55E-10,1.50E-10,3.79E-10,9.93E-10,3.56E-13,1.21E-11,8.84E-10,7.40E-10,1.13E-10,5.82E-10,4.73E-12,5.65E-10,1.63E-11,6.80E-12,1.85E-12,0.01320818,1.85E-11,2.15E-10,1.37E-09,4.63E-10,0.023343893,0.007835677,1.32E-09,3.68E-12,1.34E-11,3.13E-12,9.76E-12,3.46E-10,1.11E-09,1.06E-09,5.85E-12,3.51E-10,9.04E-12,1.63E-11,1.32E-11,7.52E-10,1.60E-11,1.94E-11,1.05E-09,1.16E-11,7.54E-10,3.38E-10,0.016868416,6.20E-12,0.016934131,1.25E-09,0.010086745,6.48E-10,3.43E-09,5.43E-10,3.17E-12,7.89E-10,7.96E-12,9.03E-12,5.02E-12,6.19E-13,1.71E-09,0.017611856,1.79E-09,2.86E-12,5.29E-12,6.21E-10,1.58E-09,1.21E-11,1.37E-12,1.97E-11,1.29E-11,3.66E-12,3.90E-10,2.53E-10,1.26E-09,1.19E-09,1.18E-11,5.51E-10,4.25E-11,1.20E-12,5.62E-10,3.14E-12,6.32E-10,9.93E-12,2.09E-12,0.006622854,1.49E-11,2.82E-12,1.38E-09,1.57E-09,1.39E-11,0.008119724,9.63E-10,1.70E-12,1.68E-11,1.50E-11,5.36E-12,3.25E-12,1.26E-11,0.019191513,1.24E-09,8.08E-12,1.03E-09,1.65E-10,3.00E-12,8.35E-12,0.04803002,7.33E-10,7.55E-10,5.75E-10,1.04E-11,3.32E-09,2.04E-12,2.74E-09,1.14E-11,3.51E-10,3.95E-10,1.63E-09,3.33E-10,2.61E-10,7.05E-12,9.50E-12,6.96E-10,6.08E-12,7.01E-12,3.97E-12,6.03E-12,2.12E-09,1.20E-11,2.06E-10,3.53E-12,7.25E-12,0.032017526,2.92E-10,4.19E-10,2.84E-10,1.48E-10,8.94E-11,1.03E-09,3.03E-10,1.82E-12,3.17E-10,5.44E-10,6.99E-12,1.81E-11,6.89E-12,1.92E-11,3.03E-12,2.22E-09,0.124928267,1.05E-09,1.96E-10,1.78E-11,6.95E-10,2.19E-12,8.60E-12,6.67E-10,4.01E-12,2.17E-09,1.52E-11,2.51E-12,4.31E-12,9.15E-12,2.34E-12,1.25E-09,3.67E-12,2.29E-12,0.031916759,8.54E-10,1.36E-11,4.67E-13,9.14E-12,1.87E-11,2.67E-09,4.19E-10,8.54E-12,2.33E-09,9.15E-14,7.57E-10,8.76E-10,4.86E-10,6.62E-12,5.01E-10,0.037598241,2.19E-09,9.49E-13,1.11E-11,0.041819083,1.69E-10,4.45E-11,0.079079557,7.19E-12,3.60E-12,1.78E-11,1.02E-09,1.29E-09,1.00E-09,2.02E-10,2.15E-09,6.75E-10,1.52E-09,3.63E-09,1.06E-10,6.90E-10,6.75E-12,1.98E-12,4.43E-12,1.16E-11,3.84E-10,1.96E-11,6.82E-11,4.16E-13,4.19E-12,4.59E-10,3.00E-12,1.45E-11,1.24E-11,1.65E-12,3.27E-12,1.15E-11,1.29E-10,7.77E-10,5.10E-10,4.59E-12,1.26E-09,8.06E-11,2.46E-12,2.85E-12,3.22E-10,1.39E-11,1.80E-12,5.50E-12,1.57E-11,1.20E-09,1.27E-10,1.40E-11,4.54E-12,9.07E-10,1.68E-09,3.43E-10,1.68E-09,3.70E-12,1.26E-11,7.41E-12,7.11E-12,1.42E-10,3.19E-10,1.35E-09,7.17E-10,6.28E-10,1.55E-09,7.41E-11,9.23E-10,3.74E-12,7.91E-12,8.76E-11,9.03E-12,7.33E-12,2.43E-11,0.023287419,1.99E-10,8.27E-10,7.05E-12,7.53E-13,7.85E-12,4.49E-12,8.68E-10,1.28E-11,6.20E-12,9.48E-13,1.97E-11,8.19E-12,2.45E-10,7.39E-10,0.131239227,1.29E-09,0.019585617,1.83E-12,1.94E-12,5.07E-12,1.39E-11,3.67E-12,5.64E-10,1.02E-10,2.83E-09,9.09E-13,1.58E-10,8.03E-12,6.24E-12,9.44E-12,4.51E-12,2.62E-12,2.38E-09,1.08E-09,5.38E-12,5.80E-12,1.93E-11,2.37E-10,6.45E-10,9.48E-10,9.41E-12,1.53E-11,7.08E-12,3.68E-10,8.13E-12,0.002604234,3.41E-11,6.42E-12,5.92E-12,1.20E-12,1.34E-10,1.59E-09,2.24E-12,5.66E-10,3.12E-10,1.25E-11,3.23E-12,1.57E-09,1.09E-11,3.35E-10,6.95E-10,8.38E-12,8.17E-12,7.45E-12,4.33E-12,6.03E-10,1.11E-11,4.52E-10,1.79E-11,9.65E-12,4.86E-12,5.06E-12,6.30E-12,1.03E-11,1.26E-12,1.55E-12,7.50E-12,8.77E-12,3.90E-12,4.29E-12,1.29E-09,1.68E-11,2.37E-09,1.13E-11,8.45E-13,4.37E-12,7.43E-10,1.05E-10,1.08E-12,1.11E-09,4.69E-10
20190401,4.21E-11,7.29E-12,7.45E-09,6.04E-11,3.81E-09,8.16E-11,3.05E-11,3.60E-11,5.41E-11,5.79E-11,8.08E-09,8.14E-12,1.02E-10,3.31E-11,0.053680515,2.55E-09,1.58E-09,4.39E-09,5.33E-09,5.81E-09,2.84E-09,5.41E-11,1.05E-10,9.59E-11,6.21E-12,5.50E-09,3.70E-11,7.83E-11,0.08171872,2.65E-10,4.45E-11,2.22E-09,6.97E-12,4.02E-09,1.30E-10,8.33E-11,7.10E-09,5.81E-09,4.77E-12,8.73E-11,3.68E-09,7.42E-11,1.39E-09,3.42E-09,0.016800032,3.84E-11,4.42E-09,0.008553379,1.11E-09,6.02E-09,1.21E-11,9.21E-09,2.47E-11,1.84E-11,4.13E-11,0.007210116,3.55E-09,4.29E-11,7.53E-09,5.41E-11,2.63E-09,5.23E-10,1.94E-10,1.04E-11,1.76E-09,6.14E-09,5.03E-09,2.39E-09,3.26E-11,3.25E-09,2.81E-11,1.06E-11,3.66E-09,1.26E-10,5.40E-09,0.09393487,2.10E-11,1.74E-09,3.97E-11,3.60E-11,3.23E-11,7.33E-11,8.66E-11,5.96E-09,2.39E-11,3.84E-09,6.17E-09,2.31E-09,4.82E-09,5.17E-09,1.15E-09,1.26E-09,7.65E-09,5.19E-09,3.78E-11,8.82E-09,4.18E-09,5.59E-09,3.74E-11,1.89E-10,2.14E-09,5.91E-10,9.16E-12,9.19E-09,6.00E-11,9.64E-11,5.78E-11,1.82E-11,9.65E-10,1.10E-11,4.19E-11,3.78E-09,3.00E-11,7.15E-11,9.35E-09,0.091839808,4.96E-11,1.10E-10,2.28E-11,1.24E-09,2.53E-11,3.94E-11,9.94E-10,5.77E-09,4.63E-11,3.90E-11,2.30E-11,2.91E-11,5.02E-09,3.36E-11,6.46E-09,4.39E-09,5.36E-10,0.025053213,9.33E-09,2.46E-11,7.94E-11,1.54E-11,0.031940961,4.79E-09,6.09E-11,2.28E-09,7.08E-09,1.26E-09,5.62E-09,3.07E-11,5.81E-11,5.98E-11,1.12E-11,2.04E-11,5.43E-09,8.20E-09,7.24E-09,3.73E-11,8.24E-09,9.42E-09,7.08E-11,6.60E-09,4.64E-11,2.62E-11,0.002380231,1.05E-09,0.030278513,8.11E-11,0.010952497,4.04E-11,1.59E-10,2.52E-11,3.69E-09,4.72E-11,2.96E-09,3.09E-09,1.82E-09,8.90E-10,8.51E-11,0.018867816,9.07E-11,3.01E-09,3.64E-09,4.74E-11,6.78E-11,5.41E-09,1.64E-11,0.00059095,7.41E-09,2.56E-09,1.60E-11,1.53E-10,6.00E-11,5.77E-11,6.13E-09,2.73E-11,1.94E-09,3.27E-09,3.09E-11,3.87E-10,4.55E-11,4.53E-09,3.10E-09,0.006464785,6.21E-09,1.90E-09,8.64E-11,9.92E-11,6.25E-09,8.07E-09,4.40E-11,1.20E-09,5.44E-09,8.22E-09,2.93E-09,4.05E-09,7.62E-09,8.60E-09,7.39E-11,3.94E-09,5.70E-11,1.42E-11,1.97E-09,1.85E-09,0.058930861,3.96E-11,4.06E-11,3.35E-11,4.85E-09,1.53E-10,3.26E-09,1.24E-10,1.58E-09,2.12E-11,3.01E-11,8.65E-11,2.17E-11,7.11E-11,3.32E-09,5.18E-09,4.48E-11,4.59E-10,5.60E-09,1.17E-09,3.60E-09,8.57E-11,6.85E-09,2.06E-11,1.57E-09,4.80E-09,0.023175431,2.28E-11,3.60E-11,2.46E-10,3.45E-12,9.20E-12,4.49E-11,2.47E-11,1.82E-09,2.36E-11,3.22E-11,4.71E-09,6.99E-09,2.97E-09,9.07E-09,2.55E-09,8.22E-11,0.137217484,6.01E-11,4.80E-10,6.77E-09,3.41E-11,3.22E-09,2.70E-09,3.80E-11,3.77E-09,1.00E-10,5.97E-09,2.89E-10,3.05E-09,4.88E-09,2.18E-09,5.11E-11,2.52E-09,4.18E-09,0.048363521,3.89E-11,6.19E-09,3.87E-12,3.75E-09,9.02E-09,1.34E-10,2.81E-11,4.81E-09,1.22E-10,4.00E-10,4.44E-11,3.88E-11,3.88E-11,4.94E-10,3.17E-11,0.025732492,1.02E-10,5.80E-13,4.67E-09,0.005937424,1.80E-10,8.92E-12,0.077250914,3.18E-09,2.29E-09,6.42E-09,5.70E-11,4.16E-11,3.97E-11,1.31E-11,1.06E-10,4.20E-11,6.18E-11,1.53E-10,1.95E-09,2.04E-11,4.51E-09,2.24E-10,2.10E-10,5.25E-09,2.73E-11,0.003727528,2.42E-11,3.79E-10,9.68E-10,1.30E-11,3.96E-09,7.77E-09,6.54E-09,2.32E-09,1.98E-09,6.09E-09,1.18E-11,4.26E-11,2.26E-11,2.26E-09,6.65E-11,1.54E-11,9.25E-10,3.34E-09,2.32E-11,6.96E-09,2.19E-09,2.76E-09,7.61E-09,6.19E-11,8.89E-12,8.54E-09,5.16E-10,6.16E-11,8.60E-11,2.75E-11,6.11E-11,4.11E-12,5.99E-09,4.27E-09,1.12E-09,3.72E-11,2.47E-11,5.88E-11,5.34E-11,2.12E-11,6.36E-11,4.95E-10,4.52E-11,1.64E-09,4.49E-09,1.81E-11,5.39E-09,3.28E-09,2.25E-10,0.01261411,2.64E-12,3.51E-11,5.70E-09,4.89E-10,4.24E-09,2.85E-09,4.90E-11,7.21E-09,4.32E-09,8.98E-12,0.001661121,3.60E-09,1.38E-11,2.53E-11,0.112517653,7.39E-11,0.008017597,6.48E-10,2.75E-09,1.10E-09,7.00E-09,1.37E-10,2.76E-11,3.49E-12,1.32E-10,2.03E-09,6.39E-12,8.86E-10,3.03E-09,4.65E-09,2.09E-09,3.42E-09,1.14E-10,5.99E-11,2.97E-09,3.40E-09,8.86E-09,9.07E-12,7.71E-12,4.52E-11,1.41E-11,5.93E-09,7.88E-10,8.04E-12,5.27E-09,0.004587448,2.08E-11,3.38E-09,2.02E-10,1.62E-10,1.89E-11,6.59E-11,2.55E-09,2.69E-11,3.83E-11,4.41E-09,1.33E-09,6.88E-11,5.77E-09,2.81E-11,4.07E-11,1.59E-09,6.05E-09,5.47E-09,1.87E-09,4.05E-11,3.53E-09,1.27E-11,8.88E-09,5.67E-09,4.40E-09,1.42E-09,4.26E-09,5.28E-09,1.23E-09,2.25E-09,4.62E-09,3.99E-09,2.92E-09,6.61E-10,6.36E-11,8.55E-09,1.27E-10,2.08E-11,2.40E-09,8.80E-10,3.26E-11,1.61E-11,8.59E-10,4.34E-11,2.96E-11
20190701,5.28E-10,3.69E-10,9.70E-11,8.28E-10,6.82E-11,1.11E-11,3.13E-10,3.01E-10,8.42E-10,8.94E-10,9.45E-11,6.50E-11,1.33E-09,1.34E-10,0.0568131,3.84E-11,2.06E-11,6.75E-11,7.22E-11,8.40E-11,3.58E-11,5.71E-10,1.29E-09,1.53E-09,1.03E-11,6.67E-11,7.07E-10,1.30E-09,0.074638101,3.92E-09,5.00E-10,3.75E-11,1.52E-10,6.10E-11,1.71E-09,1.05E-09,1.07E-10,7.51E-11,1.09E-10,1.05E-09,4.88E-11,8.17E-11,2.63E-12,4.44E-11,0.045594618,4.41E-10,6.33E-11,0.007978651,1.25E-11,9.12E-11,5.95E-11,1.19E-10,3.56E-10,1.61E-10,3.57E-10,0.01971867,4.28E-11,5.22E-10,1.13E-10,5.09E-10,3.08E-11,5.43E-12,2.46E-11,1.36E-10,3.10E-11,8.47E-11,7.24E-11,4.24E-11,3.79E-10,3.66E-11,3.23E-10,8.55E-11,5.07E-11,1.56E-09,7.80E-11,0.105777866,2.17E-10,2.73E-11,3.50E-10,4.45E-10,3.73E-10,8.14E-12,1.03E-09,9.23E-11,9.85E-11,7.02E-11,9.38E-11,2.70E-11,6.23E-11,7.94E-11,1.18E-11,2.14E-11,1.16E-10,7.88E-11,4.43E-10,1.27E-10,7.32E-11,7.60E-11,4.23E-10,2.21E-11,4.42E-11,2.33E-11,4.32E-11,1.21E-10,5.48E-10,1.40E-09,8.35E-10,2.25E-10,1.65E-11,1.24E-11,2.75E-10,6.77E-11,2.05E-10,8.59E-10,1.34E-10,0.114030332,6.33E-10,1.31E-09,3.12E-10,3.23E-11,9.88E-11,4.66E-10,1.29E-11,8.23E-11,4.56E-10,3.71E-10,2.43E-10,1.31E-10,8.48E-11,3.87E-10,1.12E-10,5.39E-11,1.52E-11,0.004063496,1.32E-10,3.29E-10,9.65E-10,2.93E-10,0.031223414,9.05E-11,6.32E-10,2.37E-11,1.02E-10,1.46E-11,6.71E-11,3.18E-10,6.95E-10,8.12E-10,2.02E-11,1.08E-10,7.76E-11,1.18E-10,1.06E-10,4.16E-10,1.21E-10,1.32E-10,7.96E-10,9.32E-11,5.95E-10,1.42E-10,1.31E-10,2.02E-11,0.023166808,9.92E-10,0.009012744,6.75E-10,1.88E-09,3.64E-10,4.33E-11,5.42E-10,4.25E-11,3.60E-11,1.97E-11,1.16E-11,1.16E-09,0.024775538,8.84E-10,3.57E-11,5.77E-11,5.13E-10,9.15E-10,6.87E-11,1.84E-10,1.09E-10,1.07E-10,3.39E-11,1.79E-10,1.36E-10,6.28E-10,6.04E-10,8.09E-11,3.50E-10,1.66E-11,4.17E-11,3.32E-10,2.24E-11,5.04E-10,5.19E-11,3.36E-11,0.000139901,9.20E-11,2.44E-11,1.05E-09,1.30E-09,8.52E-11,1.22E-10,4.33E-10,1.51E-11,5.83E-11,1.12E-10,5.47E-11,5.04E-11,1.19E-10,1.17E-10,8.60E-10,6.24E-11,7.07E-10,1.33E-10,2.77E-11,2.24E-11,0.062651462,5.73E-10,5.87E-10,4.11E-10,7.30E-11,2.14E-09,4.57E-11,1.67E-09,2.16E-11,2.92E-10,3.68E-10,9.68E-10,2.07E-10,1.60E-11,4.57E-11,7.05E-11,4.70E-10,1.28E-11,7.58E-11,1.38E-11,3.57E-11,1.35E-09,9.86E-11,1.98E-11,4.05E-11,6.69E-11,0.026076048,2.81E-10,2.80E-10,1.12E-11,2.41E-11,9.91E-11,5.02E-10,1.39E-10,3.96E-11,1.45E-10,3.07E-10,7.48E-11,1.05E-10,3.04E-11,1.33E-10,2.79E-11,1.43E-09,0.123852283,7.71E-10,1.66E-11,1.02E-10,4.24E-10,4.82E-11,4.30E-11,5.02E-10,5.82E-11,1.49E-09,1.02E-10,2.50E-12,4.88E-11,7.86E-11,2.84E-11,6.70E-10,8.60E-12,6.39E-11,0.051555123,1.82E-10,8.54E-11,3.65E-11,5.55E-11,1.27E-10,1.67E-09,4.49E-10,6.09E-11,1.52E-09,5.61E-12,6.55E-10,5.74E-10,4.21E-10,1.79E-11,3.18E-10,0.027081382,1.37E-09,3.27E-10,6.37E-11,0.005218844,4.72E-11,1.09E-11,0.087013295,3.27E-11,1.82E-11,8.98E-11,6.29E-10,7.63E-10,3.33E-10,1.23E-10,1.50E-09,5.21E-10,6.21E-10,2.25E-09,2.34E-11,4.44E-10,6.27E-11,3.29E-12,1.53E-11,7.67E-11,2.80E-10,0.003605992,2.50E-11,9.17E-12,1.63E-11,1.05E-10,5.66E-11,1.11E-10,9.65E-11,3.05E-11,1.86E-11,7.99E-11,1.07E-10,6.20E-10,1.81E-10,2.71E-11,8.07E-10,9.86E-11,2.11E-11,4.41E-11,3.01E-10,1.04E-10,3.29E-11,3.85E-11,1.04E-10,7.22E-10,1.22E-10,1.19E-10,4.24E-11,5.48E-10,1.00E-09,2.83E-10,7.98E-10,1.84E-11,9.67E-11,6.09E-11,3.32E-11,7.99E-11,2.93E-10,7.15E-10,5.90E-10,1.00E-10,8.23E-10,9.57E-12,4.89E-10,2.14E-11,6.86E-11,2.86E-10,7.40E-11,4.84E-11,6.75E-12,1.22E-10,3.68E-12,6.02E-10,8.12E-11,2.21E-11,5.42E-11,3.17E-11,6.59E-10,1.03E-10,5.47E-11,2.76E-11,1.33E-10,5.49E-11,4.91E-11,6.81E-10,0.085570438,1.01E-09,0.006528822,9.56E-12,3.76E-11,2.42E-11,9.37E-11,4.53E-12,2.25E-10,9.28E-11,1.83E-09,2.20E-11,7.30E-11,1.77E-11,2.69E-11,6.41E-11,2.49E-11,5.28E-11,1.32E-09,7.60E-10,3.53E-11,3.34E-11,1.21E-10,9.71E-11,6.86E-11,7.57E-10,3.23E-10,7.88E-11,4.57E-11,9.96E-12,7.60E-11,0.003913081,9.95E-11,5.96E-11,1.05E-10,5.61E-12,2.50E-10,1.18E-09,3.09E-11,3.12E-10,3.98E-10,6.41E-11,1.57E-11,6.30E-10,7.75E-11,2.01E-10,4.90E-10,2.27E-11,7.91E-11,7.22E-11,1.93E-11,3.30E-10,6.55E-11,7.39E-10,1.28E-10,7.93E-11,5.77E-11,1.67E-12,5.14E-11,7.88E-11,1.21E-11,3.46E-11,5.93E-11,5.83E-11,4.15E-11,1.41E-11,1.02E-09,1.21E-10,1.74E-09,1.34E-10,3.65E-11,1.05E-11,3.05E-10,2.09E-11,1.82E-11,8.05E-10,3.18E-10
20191001,0,3.42E-12,6.09E-09,0,4.37E-09,2.01E-09,0,0,0,0,5.64E-09,0,0,9.51E-09,2.58E-11,2.84E-09,1.54E-09,3.53E-09,4.98E-09,4.98E-09,1.67E-09,0,0,0,6.82E-12,4.50E-09,0,0,0.048245174,0,0,3.27E-09,0,5.66E-09,0,0,6.66E-09,4.38E-09,2.07E-10,0,3.76E-09,0,4.05E-10,3.26E-09,0.031151727,0,4.81E-09,0.0053647,7.80E-10,7.03E-09,0,6.77E-09,0,0,0,0.018776191,2.50E-09,0,7.77E-09,0,2.15E-09,5.01E-10,5.81E-10,0,1.76E-09,5.81E-09,4.14E-09,2.40E-09,0,3.21E-09,0,0,4.12E-09,0,5.02E-09,0.110282931,0,2.31E-09,0,0,0,9.11E-10,0,6.29E-09,0,4.27E-09,5.65E-09,1.21E-09,3.90E-09,5.29E-09,3.26E-11,7.40E-10,7.17E-09,5.25E-09,0,9.07E-09,5.30E-09,5.95E-09,0,1.18E-09,3.19E-09,2.57E-10,0,7.12E-09,0,0,0,0,1.28E-09,1.11E-09,0,3.45E-09,0,0,9.43E-09,0.1248134,0,0,0,2.13E-09,0,0,9.09E-10,4.69E-09,0,0,0,8.36E-11,5.22E-09,0,7.76E-09,4.19E-09,9.85E-10,9.54E-09,9.38E-09,0,0,0,0.043347587,6.56E-09,0,1.46E-09,7.58E-09,4.13E-11,5.88E-09,0,0,0,1.71E-10,4.03E-10,5.75E-09,8.70E-09,7.26E-09,0,8.92E-09,9.57E-09,0,6.61E-09,0,0,9.24E-09,3.93E-11,0.015689996,0,0.003049049,0,0,0,3.69E-09,0,2.29E-09,2.42E-09,9.60E-10,0,0,7.44E-09,0,2.29E-09,3.87E-09,0,0,4.16E-09,0,7.19E-09,6.73E-09,1.62E-09,0,0,0,0,5.14E-09,0,1.52E-10,4.07E-09,0,0,0,2.81E-09,1.47E-09,0.002962825,6.60E-09,1.42E-09,0,0,5.46E-09,7.50E-09,0,8.16E-10,2.80E-09,7.29E-09,5.11E-09,3.17E-09,7.20E-09,7.58E-09,0,3.92E-09,0,0,3.80E-09,3.27E-09,0.083774824,0,0,0,5.61E-09,0,3.78E-09,0,1.83E-09,0,0,0,0,2.02E-09,2.93E-09,5.55E-09,0,2.25E-10,4.76E-09,3.76E-10,2.00E-09,0,5.99E-09,8.01E-10,2.54E-09,4.56E-09,0.036539148,0,0,0,0,0,0,0,3.80E-09,1.64E-10,0,4.49E-09,7.05E-09,9.54E-10,9.37E-09,1.52E-09,0,0.15796344,0,5.47E-10,5.40E-09,0,3.46E-09,2.93E-09,0,3.89E-09,0,6.53E-09,9.91E-12,2.92E-09,5.60E-09,1.34E-09,0,1.02E-09,4.52E-09,0.049135702,0,5.35E-09,6.92E-11,2.75E-09,8.20E-09,0,0,3.53E-09,0,1.70E-10,0,0,0,5.78E-10,0,0.024486223,0,0,3.35E-09,0.080695815,1.47E-09,1.92E-09,0.065066468,1.30E-09,1.79E-09,5.81E-09,0,0,0,0,0,0,0,0,1.85E-09,0,4.99E-09,6.51E-10,0,5.03E-09,0,7.00E-09,6.00E-10,0,0,0,4.48E-09,7.62E-09,6.45E-09,2.34E-09,7.56E-10,4.72E-09,0,0,0,1.93E-09,0,0,1.01E-09,2.39E-09,0,7.63E-09,2.10E-09,2.73E-09,7.36E-09,0,0,8.45E-09,0,0,0,0,0,1.77E-09,6.64E-09,4.46E-09,1.86E-09,0,0,0,0,0,0,9.53E-10,0,5.38E-10,4.68E-09,0,5.47E-09,2.86E-09,5.71E-10,0.010453191,1.56E-10,0,4.98E-09,0,4.29E-09,1.85E-09,0,7.83E-09,4.29E-09,0,9.42E-09,3.56E-09,1.07E-10,0,0.085777104,0,5.65E-09,1.11E-09,2.95E-09,9.77E-10,6.08E-09,0,0,0,0,8.04E-10,8.30E-12,0,2.01E-09,3.00E-09,1.77E-09,3.58E-09,0,0,2.28E-09,7.21E-10,0.002424432,0,2.14E-12,0,0,5.63E-09,0,7.01E-12,5.38E-09,8.32E-09,0,4.23E-09,0,7.49E-11,0,0,1.90E-09,0,0,3.78E-09,0,0,5.39E-09,0,0,2.23E-09,5.93E-09,4.68E-09,8.08E-10,0,3.42E-09,0,9.21E-09,6.30E-09,3.33E-09,0,2.46E-09,4.85E-09,8.20E-10,2.31E-09,3.26E-09,3.95E-09,2.83E-09,4.49E-10,0,8.46E-09,0,0,2.67E-09,0,0,9.29E-10,1.56E-09,0,0
20200101,1.05E-09,1.33E-09,2.13E-09,1.80E-09,1.60E-09,1.06E-09,7.02E-10,8.21E-10,1.78E-09,2.03E-09,1.84E-09,1.21E-10,2.54E-09,3.54E-09,3.55E-09,1.00E-09,4.91E-10,1.10E-09,1.87E-09,1.68E-09,5.44E-10,1.52E-09,2.95E-09,3.17E-09,1.30E-10,1.56E-09,1.33E-09,2.90E-09,0.031268368,8.51E-09,1.14E-09,1.15E-09,7.88E-10,2.12E-09,3.28E-09,2.37E-09,2.15E-09,1.38E-09,2.22E-10,2.37E-09,1.09E-09,1.95E-10,4.94E-11,1.21E-09,0.027949353,6.33E-10,1.76E-09,2.31E-09,2.54E-10,2.74E-09,3.41E-10,2.33E-09,4.20E-10,4.62E-10,4.81E-10,0.010773589,1.10E-09,1.18E-09,2.76E-09,1.06E-09,8.56E-10,2.79E-10,9.47E-11,3.15E-10,8.89E-10,2.27E-09,1.38E-09,5.43E-10,8.08E-10,1.01E-09,1.00E-09,8.16E-10,1.32E-09,3.00E-09,1.57E-09,0.102436163,7.69E-10,1.01E-09,7.82E-10,1.50E-09,9.72E-10,4.60E-10,2.22E-09,2.24E-09,4.86E-11,1.79E-09,1.98E-09,4.12E-10,1.31E-09,1.90E-09,3.58E-11,3.19E-10,2.71E-09,2.36E-09,8.26E-10,3.34E-09,1.53E-09,2.04E-09,9.61E-10,7.20E-11,1.02E-09,2.59E-11,7.40E-11,2.23E-09,1.07E-09,2.64E-09,1.81E-09,6.42E-11,8.10E-10,3.59E-10,1.54E-10,1.32E-09,4.32E-10,1.74E-09,3.37E-09,0.14448961,1.33E-09,3.03E-09,7.63E-10,9.08E-10,6.99E-11,7.46E-10,2.05E-10,1.56E-09,1.26E-09,9.52E-10,2.86E-10,1.34E-10,2.03E-09,8.83E-10,2.90E-09,1.60E-09,4.13E-10,3.52E-09,3.38E-09,4.36E-10,2.30E-09,9.59E-10,0.034991971,2.51E-09,1.21E-09,4.66E-10,2.83E-09,4.58E-11,2.70E-09,9.64E-10,1.63E-09,1.71E-09,2.59E-11,6.53E-11,2.11E-09,3.19E-09,2.62E-09,1.22E-09,3.33E-09,0.017480629,1.28E-09,2.32E-09,1.33E-09,3.86E-10,3.44E-09,1.41E-10,0.008818707,1.99E-09,0.008496254,1.51E-09,3.91E-09,8.90E-10,1.40E-09,1.42E-09,7.76E-10,8.00E-10,2.70E-10,2.39E-10,2.20E-09,0.00178985,1.99E-09,5.66E-10,1.48E-09,8.12E-10,1.75E-09,1.66E-09,5.83E-10,2.54E-09,2.30E-09,4.88E-10,2.45E-10,4.06E-10,1.29E-09,1.24E-09,1.85E-09,5.81E-10,7.79E-11,1.46E-09,8.00E-10,2.65E-11,1.14E-09,9.99E-10,5.75E-10,2.61E-09,2.27E-09,5.41E-10,2.31E-09,3.03E-09,1.87E-09,2.62E-09,7.31E-10,2.43E-10,1.39E-09,2.80E-09,1.87E-09,1.17E-09,2.73E-09,2.71E-09,1.97E-09,1.46E-09,1.48E-09,5.24E-11,1.44E-09,1.22E-09,0.088749738,1.27E-09,1.34E-09,7.97E-10,1.75E-09,4.75E-09,1.62E-09,3.64E-09,5.75E-10,4.96E-10,7.13E-10,1.69E-09,6.13E-10,6.58E-10,1.02E-09,1.99E-09,9.32E-10,6.05E-11,1.50E-09,9.30E-11,8.03E-10,3.25E-09,2.17E-09,3.12E-10,8.61E-10,1.57E-09,0.046763308,6.12E-10,7.67E-10,3.40E-10,3.63E-10,4.01E-10,6.25E-10,3.58E-10,1.62E-09,3.09E-11,8.03E-10,1.41E-09,2.67E-09,1.21E-10,3.51E-09,6.24E-10,3.31E-09,0.174000338,1.61E-09,6.84E-11,2.01E-09,9.72E-10,1.39E-09,9.38E-10,9.96E-10,1.54E-09,3.34E-09,2.40E-09,4.10E-11,1.03E-09,1.92E-09,3.72E-10,1.21E-09,3.98E-10,1.68E-09,0.047750442,1.20E-10,1.86E-09,1.95E-11,9.76E-10,2.93E-09,3.47E-09,1.11E-09,1.18E-09,3.22E-09,2.10E-11,1.53E-09,1.26E-09,6.35E-10,1.86E-10,9.19E-10,0.01418139,3.27E-09,8.32E-10,1.20E-09,0.060383843,1.05E-09,8.19E-10,0.070460303,3.78E-10,6.18E-10,2.15E-09,1.43E-09,1.71E-09,3.82E-10,9.98E-11,2.95E-09,1.18E-09,1.51E-09,4.81E-09,1.00E-09,1.64E-09,1.84E-09,1.92E-10,8.93E-11,1.58E-09,3.56E-10,2.17E-09,3.05E-10,1.04E-10,2.93E-11,2.64E-10,1.64E-09,2.82E-09,2.28E-09,7.42E-10,9.41E-11,1.59E-09,4.45E-10,1.32E-09,7.01E-11,1.00E-09,1.72E-09,1.68E-10,3.92E-10,8.28E-10,7.07E-10,2.84E-09,1.08E-09,8.68E-10,2.53E-09,1.54E-09,3.08E-10,3.13E-09,1.25E-10,1.79E-09,2.03E-09,6.48E-10,1.80E-09,6.18E-10,2.19E-09,1.54E-09,5.28E-10,5.59E-10,8.32E-10,1.57E-09,1.42E-09,3.95E-10,1.66E-09,7.59E-10,1.06E-09,2.46E-10,1.68E-09,7.86E-10,2.13E-09,9.15E-10,2.51E-10,0.005533968,1.80E-10,1.35E-09,1.84E-09,2.33E-10,1.58E-09,8.27E-10,1.68E-09,2.82E-09,1.30E-09,2.95E-10,3.55E-09,1.37E-09,1.64E-10,1.07E-09,0.094061048,2.05E-09,1.94E-09,3.45E-10,1.14E-09,4.38E-10,2.16E-09,5.83E-11,1.46E-10,5.97E-11,4.01E-09,2.04E-10,1.05E-10,2.14E-11,4.67E-10,1.06E-09,4.71E-10,1.07E-09,3.42E-09,1.63E-09,7.13E-10,4.36E-10,2.92E-09,3.45E-11,3.32E-10,1.72E-09,7.28E-10,2.06E-09,5.38E-10,1.45E-10,1.96E-09,0.009621206,6.62E-10,1.54E-09,6.50E-10,2.37E-10,4.92E-10,2.65E-09,6.86E-10,6.90E-10,7.77E-10,1.36E-09,1.32E-10,7.39E-10,1.95E-09,4.09E-10,1.21E-09,8.91E-10,2.19E-09,1.65E-09,2.70E-10,6.08E-10,1.12E-09,2.17E-09,3.38E-09,2.34E-09,1.09E-09,1.42E-10,6.27E-10,1.80E-09,3.38E-10,9.16E-10,1.32E-09,1.20E-09,8.99E-10,1.90E-10,2.46E-09,3.10E-09,3.81E-09,2.64E-10,8.18E-10,1.71E-10,4.33E-10,6.48E-10,3.60E-10,1.70E-09,6.28E-10
20200401,3.69E-10,1.07E-11,9.97E-12,8.17E-10,7.99E-12,1.56E-11,5.12E-11,1.57E-10,7.11E-10,1.23E-09,7.70E-12,1.48E-10,1.20E-09,1.30E-11,1.51E-11,0,1.11E-10,6.85E-10,5.76E-12,6.46E-12,1.86E-12,6.73E-13,1.50E-09,1.66E-09,5.90E-11,5.37E-12,1.19E-10,1.82E-09,7.86E-12,3.82E-09,8.03E-10,6.62E-12,1.65E-09,5.12E-12,6.51E-10,1.39E-09,4.41E-12,1.11E-11,9.33E-12,3.23E-09,3.76E-12,1.65E-12,5.46E-10,2.57E-12,1.40E-11,5.25E-12,3.96E-12,1.28E-11,2.18E-12,9.98E-12,7.47E-10,9.95E-12,1.51E-09,9.31E-10,0,1.51E-11,1.20E-11,2.91E-10,9.51E-12,5.21E-10,3.52E-11,1.58E-12,1.29E-09,2.00E-10,5.41E-12,1.38E-11,1.14E-11,9.86E-12,1.88E-10,2.67E-13,1.67E-09,6.40E-12,5.07E-12,1.16E-09,3.99E-12,0.034198298,1.06E-10,0,2.41E-09,9.12E-10,8.55E-10,1.04E-11,1.43E-09,1.29E-11,4.85E-12,1.31E-11,8.41E-11,1.13E-10,7.13E-12,1.60E-11,6.27E-10,4.00E-12,1.17E-11,1.56E-11,1.50E-10,1.39E-11,6.67E-12,0,1.33E-09,0,4.78E-12,1.37E-09,5.76E-12,1.21E-11,4.01E-10,9.71E-10,5.68E-10,1.40E-12,4.31E-12,1.05E-10,0,6.46E-12,1.13E-09,1.62E-09,8.98E-12,0.023478942,8.66E-10,1.40E-09,1.76E-09,8.88E-12,0,3.77E-10,3.33E-12,6.87E-12,2.96E-10,4.60E-11,5.61E-10,0,1.02E-11,6.24E-10,2.07E-11,2.16E-12,1.02E-09,8.39E-12,7.95E-12,8.09E-11,2.88E-09,2.08E-09,0.082261701,0.062175525,5.98E-12,0,1.11E-11,2.48E-12,6.31E-12,3.01E-10,1.08E-09,9.54E-10,9.64E-10,0,7.60E-12,9.90E-12,9.86E-12,9.10E-10,9.26E-12,7.05E-12,2.38E-10,2.44E-12,1.63E-10,4.00E-11,1.82E-11,6.60E-11,8.38E-12,9.79E-10,1.74E-11,6.43E-10,3.00E-09,1.97E-10,0,2.23E-10,1.49E-12,2.58E-12,1.13E-09,8.56E-13,1.09E-09,1.59E-11,1.47E-09,1.93E-12,1.43E-12,1.53E-09,1.04E-09,8.41E-12,9.34E-10,0.102027364,1.40E-11,2.62E-10,5.09E-10,8.16E-10,2.21E-10,2.19E-10,6.15E-12,6.85E-10,7.81E-10,3.67E-12,9.11E-10,5.62E-10,2.76E-09,1.78E-10,2.30E-11,2.03E-11,1.17E-11,6.37E-11,1.78E-09,1.29E-09,6.10E-12,1.73E-11,1.35E-10,2.41E-13,1.31E-11,1.68E-11,8.03E-12,1.75E-12,9.03E-12,5.57E-12,1.02E-09,1.01E-11,1.34E-12,3.57E-12,4.62E-12,1.56E-11,0.211136595,1.09E-09,7.59E-10,6.93E-10,1.70E-12,2.08E-09,4.22E-12,1.63E-09,7.98E-12,2.27E-10,1.21E-09,7.29E-10,0,2.62E-12,7.36E-12,8.75E-12,8.71E-11,6.15E-10,8.50E-12,1.26E-09,0,1.73E-09,1.13E-11,1.18E-10,2.75E-12,6.61E-12,0.207652987,4.63E-10,1.06E-09,4.66E-10,1.33E-12,6.94E-10,4.80E-10,8.35E-10,3.75E-12,2.52E-11,5.48E-10,4.84E-12,1.37E-11,2.48E-09,1.36E-11,4.07E-11,1.77E-09,0.224928123,1.05E-09,9.11E-10,8.68E-12,4.49E-10,2.71E-12,1.22E-11,9.17E-11,1.59E-12,2.41E-09,7.75E-12,3.06E-10,4.65E-12,9.88E-12,8.39E-10,1.90E-09,5.75E-13,4.35E-12,1.75E-11,1.02E-10,9.39E-12,6.33E-12,9.08E-12,1.20E-11,2.34E-09,1.32E-09,6.79E-12,2.51E-09,6.24E-10,6.55E-10,5.07E-10,1.08E-10,2.90E-10,3.44E-12,0.048512664,1.65E-09,5.81E-12,8.32E-12,1.19E-11,7.15E-13,2.01E-11,1.31E-11,6.04E-12,0,1.35E-11,2.26E-09,4.57E-10,1.34E-10,7.64E-11,1.37E-09,9.50E-10,1.09E-09,2.66E-09,3.56E-12,6.75E-10,1.48E-12,7.83E-12,1.02E-09,3.38E-12,5.11E-10,9.91E-12,1.75E-09,3.22E-10,4.97E-10,1.84E-12,4.73E-11,1.13E-11,5.86E-12,3.77E-12,6.70E-10,6.52E-12,0,1.13E-09,4.94E-10,7.97E-12,1.06E-10,0,5.17E-11,2.59E-10,4.12E-10,7.62E-12,5.62E-12,6.64E-12,5.44E-12,6.29E-10,1.17E-09,1.12E-11,4.72E-10,1.94E-09,1.04E-09,1.99E-09,1.17E-09,8.57E-10,5.43E-12,1.02E-12,1.06E-11,1.13E-09,2.35E-10,1.04E-09,9.78E-10,4.80E-10,8.59E-10,5.51E-12,1.58E-10,3.70E-12,5.50E-12,1.62E-10,8.16E-12,1.15E-12,3.52E-12,2.05E-11,5.31E-12,9.08E-10,1.13E-11,1.35E-09,0,3.53E-12,6.73E-10,4.69E-12,1.80E-10,1.07E-10,1.02E-11,7.80E-12,5.92E-10,1.89E-10,0.003627801,1.59E-09,1.32E-11,3.85E-12,0,0,9.65E-12,9.96E-13,1.80E-10,1.13E-12,2.13E-09,6.45E-10,2.57E-12,6.43E-13,1.43E-11,2.95E-12,9.55E-12,3.90E-12,3.16E-09,1.15E-09,1.91E-12,8.46E-12,1.73E-11,4.24E-12,1.23E-11,7.89E-10,1.12E-09,1.58E-11,5.46E-12,7.23E-11,7.01E-12,9.48E-12,6.94E-10,2.37E-12,1.93E-09,3.17E-12,2.99E-12,1.57E-09,1.84E-10,7.31E-11,2.70E-10,5.43E-12,5.19E-10,0,2.45E-12,4.97E-11,4.71E-10,1.16E-11,1.73E-10,9.49E-12,3.08E-12,1.23E-10,7.55E-12,1.65E-09,1.33E-11,1.18E-12,2.43E-10,5.06E-10,4.99E-12,9.55E-12,6.20E-10,7.07E-12,1.74E-13,1.16E-11,3.10E-12,1.49E-09,2.07E-09,1.12E-11,1.67E-09,3.22E-10,3.28E-12,2.64E-12,3.38E-10,6.61E-13,7.07E-12,9.08E-10,6.25E-11
20200701,0,1.98E-10,4.64E-10,0,3.30E-10,5.63E-10,4.39E-11,0,0,0,3.24E-10,0,0,7.34E-10,8.35E-10,0,0,0,3.65E-10,3.38E-10,2.64E-10,2.09E-10,0,0,6.08E-11,2.67E-10,0,0,4.66E-10,0,0,3.61E-10,0,3.64E-10,0,0,1.54E-10,5.66E-10,4.16E-10,0,2.67E-10,5.83E-11,0,3.16E-10,7.50E-10,2.55E-10,4.01E-10,2.59E-10,2.15E-10,6.40E-10,0,5.84E-10,0,0,1.15E-10,3.95E-10,7.06E-10,0,4.61E-10,0,0,1.01E-12,0,0,4.24E-10,7.52E-10,5.36E-10,2.72E-10,0,4.59E-11,0,5.79E-10,1.35E-10,0,2.84E-10,9.90E-10,0,1.28E-10,0,0,0,5.01E-10,0,8.36E-10,4.44E-10,6.20E-10,0,0,5.60E-10,1.06E-09,0,2.40E-10,7.19E-10,6.76E-10,1.19E-11,8.24E-10,1.09E-10,3.34E-11,0,1.02E-10,2.89E-10,0,4.48E-10,8.95E-10,0,0,0,3.75E-11,1.96E-10,0,2.41E-10,3.76E-10,0,0,6.41E-10,0.000981391,0,0,0,5.89E-10,1.36E-10,0,2.85E-10,3.15E-10,0,1.02E-11,0,2.21E-10,6.37E-10,0,0.014579943,2.03E-10,0,5.26E-10,5.84E-10,5.23E-11,0,0,0.065668862,0.08395149,9.73E-11,1.56E-10,7.94E-10,3.15E-10,4.29E-10,0,0,0,0,1.29E-10,4.71E-10,6.43E-10,5.44E-10,0,5.04E-10,4.55E-10,0,1.69E-10,7.27E-11,0,1.01E-09,0,0,0,4.81E-10,0,0,0,5.34E-11,0,1.35E-10,1.45E-10,0,1.25E-10,0,4.83E-10,0,2.29E-11,2.01E-10,0,0,4.00E-10,0,0.042527228,9.45E-10,0,0,0,0,0,2.73E-10,0,0,2.23E-10,0,0,0,0,0,5.92E-10,2.84E-10,4.51E-11,0,0,2.79E-10,6.40E-10,0,6.04E-11,3.19E-10,9.88E-10,4.40E-10,5.98E-11,7.17E-10,2.28E-10,0,6.28E-10,8.09E-11,2.29E-10,3.69E-10,4.98E-10,0.315811981,0,0,0,0,0,3.27E-10,0,3.14E-10,0,0,0,1.12E-10,1.98E-10,4.46E-10,5.84E-10,0,0,7.65E-10,0,1.53E-11,0,7.83E-10,0,1.70E-10,5.37E-10,0.240891081,0,0,0,1.27E-10,0,0,0,3.69E-10,3.60E-11,0,4.48E-10,7.06E-10,0,7.46E-10,1.76E-11,0,0.172122582,0,0,1.49E-10,0,3.52E-10,2.83E-10,8.88E-11,2.62E-10,0,2.59E-10,0,4.45E-10,4.86E-10,0,0,0,5.27E-10,8.49E-10,0,5.38E-10,3.35E-10,4.12E-10,7.26E-10,0,0,4.83E-10,0,0,0,0,0,0,1.41E-10,0.056983876,0,1.64E-10,4.47E-10,6.93E-10,5.01E-10,0.00648157,6.57E-10,2.77E-10,0,6.94E-10,0,0,0,8.48E-12,0,0,0,0,1.72E-10,0,2.43E-10,3.13E-10,0,2.09E-10,0,5.10E-10,0,0,0,2.27E-10,0,6.17E-10,5.14E-10,3.56E-10,0,5.30E-10,2.29E-10,0,0,3.54E-10,1.21E-11,0,7.38E-11,0,0,5.12E-10,3.57E-10,3.22E-10,3.54E-10,0,0,7.99E-10,0,0,0,0,0,0,2.74E-10,1.65E-10,4.15E-10,0,0,0,0,0,0,4.48E-10,1.15E-10,2.05E-10,5.23E-10,0,4.81E-10,8.81E-11,4.68E-11,9.18E-10,3.13E-10,0,8.04E-10,0,0,1.30E-10,0,3.91E-10,0,7.18E-12,5.68E-10,3.96E-10,0,0,8.64E-10,0,1.42E-10,1.04E-10,0,4.33E-11,4.65E-10,0,0,0,0,0,1.73E-10,1.94E-10,7.87E-10,1.94E-10,4.66E-10,2.30E-10,0,0,1.66E-10,4.53E-10,8.21E-10,2.80E-10,5.42E-10,0,0,7.75E-10,1.75E-11,0,4.29E-10,1.85E-10,0,1.42E-10,0,1.43E-10,1.42E-10,0,0,0,0,9.44E-11,0,5.68E-11,1.33E-10,7.12E-11,0,3.46E-10,0,7.14E-10,4.22E-11,0,2.27E-10,0,8.15E-10,6.84E-11,0,0,3.40E-10,6.19E-10,0,5.85E-10,1.05E-10,6.15E-10,2.66E-10,0,0,7.16E-10,0,0,2.31E-10,0,0,2.73E-10,2.34E-10,0,0
